AID,Mgtry,TagColor,TagNum,CllrSrN,Frequency,StartDateTime,StartDate,StartTime,StopDateTime,StopDate,StopTime,ExpectedBatteryLife_WorstCase,ExpectedBatteryLife_AverageCase
113,N/A,N/A,N/A,2014113,151.654,03/17/2014 09:30,03/17/2014,09:30:00,04/06/2014 10:01,04/06/2014,10:01:00,N/A,N/A
114,N/A,N/A,N/A,2014114,151.512,03/16/2014 11:21,03/16/2014,11:21:00,04/22/2014 10:57,04/22/2014,10:57:00,N/A,N/A
130,N/A,N/A,N/A,33221,151.643,04/01/2014 23:00,04/01/2014,23:00:00,06/09/2014 20:00,06/09/2014,20:00:00,N/A,N/A
121,Long,N/A,N/A,2014121,151.603,03/16/2014 15:03,03/16/2014,15:03:00,08/31/2014 23:03,08/31/2014,23:03:00,N/A,N/A
128,Medium,N/A,N/A,2014128,151.442,03/18/2014 01:58,03/18/2014,01:58:00,08/31/2014 00:58,08/31/2014,00:58:00,N/A,N/A
120,Medium,N/A,N/A,2014120,151.542,03/16/2014 17:02,03/16/2014,17:02:00,10/19/2014 09:01,10/19/2014,09:01:00,N/A,N/A
129,Long,Yellow,14,33212,151.073,03/22/2014 08:00,03/22/2014,08:00:00,10/30/2014 05:00,10/30/2014,05:00:00,N/A,N/A
116,Long,Yellow,58,2014116,151.582,03/16/2014 12:01,03/16/2014,12:01:00,12/09/2014 12:00,12/09/2014,12:00:00,N/A,N/A
108,Long,Orange,60,2014108,151.533,03/16/2014 07:58,03/16/2014,07:58:00,12/15/2014 10:58,12/15/2014,10:58:00,N/A,N/A
117,Long,N/A,N/A,2014117,151.504,03/16/2014 12:04,03/16/2014,12:04:00,12/15/2014 12:04,12/15/2014,12:04:00,N/A,N/A
123,Medium,Orange,73,2014123,151.622,03/16/2014 21:06,03/16/2014,21:06:00,12/15/2014 11:06,12/15/2014,11:06:00,N/A,N/A
124,Medium,Orange,65,2014124,151.254,03/18/2014 21:02,03/18/2014,21:02:00,12/15/2014 10:03,12/15/2014,10:03:00,N/A,N/A
127,Long,N/A,N/A,2014127,151.592,03/16/2014 09:05,03/16/2014,09:05:00,12/15/2014 14:03,12/15/2014,14:03:00,N/A,N/A
218,N/A,N/A,N/A,2014218,151.375,12/16/2014 09:57,12/16/2014,09:57:00,12/22/2014 10:57,12/22/2014,10:57:00,N/A,N/A
130,N/A,N/A,N/A,2014130,151.333,12/16/2014 01:59,12/16/2014,01:59:00,12/25/2014 09:59,12/25/2014,09:59:00,N/A,N/A
244,Medium,Orange,52,2014244,151.412,12/21/2014 00:57,12/21/2014,00:57:00,07/25/2015 00:57,07/25/2015,00:57:00,N/A,N/A
127,Long,N/A,N/A,2015127,152.041,03/17/2015 08:00,03/17/2015,08:00:00,11/16/2015 16:00,11/16/2015,16:00:00,N/A,N/A
115,Short,N/A,N/A,2014115,151.405,03/23/2014 09:03,03/23/2014,09:03:00,12/12/2015 12:01,12/12/2015,12:01:00,N/A,N/A
227,Medium,Yellow,4,2014227,151.213,12/16/2014 21:59,12/16/2014,21:59:00,12/12/2015 11:58,12/12/2015,11:58:00,N/A,N/A
234,Short,N/A,N/A,2014234,151.043,12/16/2014 10:01,12/16/2014,10:01:00,12/12/2015 13:58,12/12/2015,13:58:00,N/A,N/A
253,N/A,N/A,N/A,37109,161.699,03/12/2016 11:00,03/12/2016,11:00:00,03/15/2016 11:00,03/15/2016,11:00:00,N/A,N/A
128,Medium,N/A,N/A,37060,161.819,03/11/2016 09:00,03/11/2016,09:00:00,03/22/2016 09:00,03/22/2016,09:00:00,N/A,N/A
231,N/A,N/A,N/A,37114,161.719,03/11/2016 10:00,03/11/2016,10:00:00,03/23/2016 13:00,03/23/2016,13:00:00,N/A,N/A
116,Long,Yellow,58,37064,161.858,03/11/2016 15:00,03/11/2016,15:00:00,05/14/2016 05:00,05/14/2016,05:00:00,N/A,N/A
261,N/A,N/A,N/A,37070,161.919,03/11/2016 13:00,03/11/2016,13:00:00,05/23/2016 05:00,05/23/2016,05:00:00,N/A,N/A
239,Medium,Orange,63,37065,161.869,03/11/2016 09:00,03/11/2016,09:00:00,05/31/2016 21:00,05/31/2016,21:00:00,N/A,N/A
123,Medium,Orange,73,37110,161.68,03/11/2016 15:00,03/11/2016,15:00:00,06/03/2016 17:00,06/03/2016,17:00:00,N/A,N/A
112,Long,Yellow,2,37058,161.799,03/11/2016 12:00,03/11/2016,12:00:00,07/25/2016 07:00,07/25/2016,07:00:00,N/A,N/A
255,Long,Yellow,24,37116,161.738,03/11/2016 16:00,03/11/2016,16:00:00,08/07/2016 09:00,08/07/2016,09:00:00,N/A,N/A
233,Long,White,37,37074,161.959,03/11/2016 11:00,03/11/2016,11:00:00,09/24/2016 11:00,09/24/2016,11:00:00,N/A,N/A
258,Long,N/A,N/A,37059,161.809,03/11/2016 17:00,03/11/2016,17:00:00,09/30/2016 03:00,09/30/2016,03:00:00,N/A,N/A
259,Long,Yellow,64,37066,161.878,03/11/2016 17:00,03/11/2016,17:00:00,10/01/2016 09:00,10/01/2016,09:00:00,N/A,N/A
251,Long,Yellow,53,37102,161.599,03/11/2016 11:00,03/11/2016,11:00:00,10/14/2016 23:00,10/14/2016,23:00:00,N/A,N/A
240,N/A,Orange,74,37062,161.84,03/12/2016 11:00,03/12/2016,11:00:00,10/17/2016 19:00,10/17/2016,19:00:00,N/A,N/A
263,Long,Orange,59,37073,161.948,03/11/2016 17:00,03/11/2016,17:00:00,10/18/2016 17:00,10/18/2016,17:00:00,N/A,N/A
120,Medium,N/A,N/A,37104,161.619,03/11/2016 09:00,03/11/2016,09:00:00,11/10/2016 19:00,11/10/2016,19:00:00,N/A,N/A
270,N/A,N/A,N/A,37070,161.919,12/06/2016 13:00,12/06/2016,13:00:00,12/21/2016 11:00,12/21/2016,11:00:00,N/A,N/A
127,Long,N/A,N/A,36900,159.199,03/11/2016 14:00,03/11/2016,14:00:00,12/28/2016 17:00,12/28/2016,17:00:00,N/A,N/A
230,Medium,Orange,62,37063,161.849,03/11/2016 09:00,03/11/2016,09:00:00,01/21/2017 11:00,01/21/2017,11:00:00,N/A,N/A
108,Long,Orange,60,37113,161.71,03/12/2016 10:00,03/12/2016,10:00:00,01/25/2017 21:00,01/25/2017,21:00:00,N/A,N/A
274,Medium,White,5,37109,161.699,12/06/2016 15:00,12/06/2016,15:00:00,01/27/2017 19:00,01/27/2017,19:00:00,N/A,N/A
117,Long,N/A,N/A,37103,161.609,03/11/2016 20:00,03/11/2016,20:00:00,01/28/2017 13:00,01/28/2017,13:00:00,N/A,N/A
121,Long,N/A,N/A,37069,161.909,03/11/2016 19:00,03/11/2016,19:00:00,02/02/2017 17:00,02/02/2017,17:00:00,N/A,N/A
272,N/A,N/A,N/A,37060,161.819,12/06/2016 13:00,12/06/2016,13:00:00,02/16/2017 13:00,02/16/2017,13:00:00,N/A,N/A
234,Short,N/A,N/A,37068,161.899,03/11/2016 11:00,03/11/2016,11:00:00,02/23/2017 15:00,02/23/2017,15:00:00,N/A,N/A
248,Long,N/A,N/A,37119,161.77,03/11/2016 12:00,03/11/2016,12:00:00,02/25/2017 21:00,02/25/2017,21:00:00,N/A,N/A
276,Medium,Yellow,61,37059,161.809,12/06/2016 17:00,12/06/2016,17:00:00,03/10/2017 07:00,03/10/2017,07:00:00,N/A,N/A
129,Long,Yellow,14,37106,161.639,03/11/2016 11:00,03/11/2016,11:00:00,03/12/2017 07:00,03/12/2017,07:00:00,N/A,N/A
241,Medium,Orange,58,37061,161.829,03/11/2016 13:00,03/11/2016,13:00:00,03/14/2017 09:00,03/14/2017,09:00:00,N/A,N/A
257,Long,Orange,21,37120,161.779,03/11/2016 17:00,03/11/2016,17:00:00,03/14/2017 07:00,03/14/2017,07:00:00,N/A,N/A
325,N/A,N/A,N/A,36643,151.194,03/14/2017 15:00,03/14/2017,15:00:00,03/15/2017 09:00,03/15/2017,09:00:00,N/A,N/A
270,N/A,N/A,N/A,100282,160.9,03/14/2017 17:00,03/14/2017,17:00:00,03/15/2017 07:00,03/15/2017,07:00:00,N/A,N/A
288,N/A,N/A,N/A,100198,161.3,03/13/2017 09:00,03/13/2017,09:00:00,03/16/2017 07:00,03/16/2017,07:00:00,N/A,N/A
335,N/A,Red,41,100284,160.94,03/14/2017 19:00,03/14/2017,19:00:00,04/04/2017 07:00,04/04/2017,07:00:00,N/A,N/A
227,Medium,Yellow,4,37111,161.689,03/11/2016 16:00,03/11/2016,16:00:00,04/09/2017 09:00,04/09/2017,09:00:00,N/A,N/A
249,Medium,N/A,N/A,37071,161.929,03/11/2016 14:00,03/11/2016,14:00:00,04/13/2017 03:00,04/13/2017,03:00:00,N/A,N/A
266,N/A,Red,7,37064,161.858,12/06/2016 19:00,12/06/2016,19:00:00,04/14/2017 19:00,04/14/2017,19:00:00,N/A,N/A
262,N/A,Orange,69,37072,161.939,03/12/2016 09:00,03/12/2016,09:00:00,05/05/2017 09:00,05/05/2017,09:00:00,N/A,N/A
301,N/A,N/A,N/A,37052,151.1,03/13/2017 15:00,03/13/2017,15:00:00,05/13/2017 09:00,05/13/2017,09:00:00,N/A,N/A
119,Long,Pink,4,37118,161.759,03/12/2016 11:00,03/12/2016,11:00:00,05/17/2017 11:00,05/17/2017,11:00:00,N/A,N/A
121,Long,N/A,N/A,36641,151.172,03/13/2017 13:00,03/13/2017,13:00:00,05/24/2017 23:00,05/24/2017,23:00:00,N/A,N/A
324,Long,Light Blue,15,100275,161.56,03/14/2017 21:00,03/14/2017,21:00:00,07/07/2017 09:00,07/07/2017,09:00:00,N/A,N/A
264,Short,N/A,N/A,37077,161.989,03/11/2016 17:00,03/11/2016,17:00:00,08/28/2017 01:00,08/28/2017,01:00:00,N/A,N/A
308,Long,Red,44,36640,151.162,03/13/2017 17:00,03/13/2017,17:00:00,10/16/2017 11:00,10/16/2017,11:00:00,N/A,N/A
348,N/A,N/A,N/A,100090,160.18,11/05/2017 13:00,11/05/2017,13:00:00,11/06/2017 13:00,11/06/2017,13:00:00,N/A,N/A
283,Medium,N/A,N/A,36721,149.192,03/12/2017 11:00,03/12/2017,11:00:00,11/08/2017 05:00,11/08/2017,05:00:00,N/A,N/A
320,Long,N/A,N/A,36624,151.051,03/14/2017 15:00,03/14/2017,15:00:00,11/29/2017 13:00,11/29/2017,13:00:00,N/A,N/A
361,Medium,Pink,49,37071,161.929,11/05/2017 17:00,11/05/2017,17:00:00,11/30/2017 11:00,11/30/2017,11:00:00,N/A,N/A
244,Medium,Orange,52,37108,161.659,03/11/2016 14:00,03/11/2016,14:00:00,12/04/2017 01:00,12/04/2017,01:00:00,N/A,N/A
306,Long,Red,31,36680,151.853,03/13/2017 17:00,03/13/2017,17:00:00,12/08/2017 07:00,12/08/2017,07:00:00,N/A,N/A
299,Long,Red,50,36630,151.11,03/13/2017 15:00,03/13/2017,15:00:00,12/09/2017 05:00,12/09/2017,05:00:00,N/A,N/A
124,Medium,Orange,65,37107,161.648,03/11/2016 15:00,03/11/2016,15:00:00,12/09/2017 15:00,12/09/2017,15:00:00,N/A,N/A
289,Medium,Yellow,64,100200,161.32,03/13/2017 15:00,03/13/2017,15:00:00,12/09/2017 03:00,12/09/2017,03:00:00,N/A,N/A
310,Medium,Yellow,12,37053,151.151,03/13/2017 17:00,03/13/2017,17:00:00,12/10/2017 11:00,12/10/2017,11:00:00,N/A,N/A
350,N/A,N/A,N/A,100118,160.46,11/05/2017 17:00,11/05/2017,17:00:00,12/10/2017 05:00,12/10/2017,05:00:00,N/A,N/A
322,Short,N/A,N/A,100206,161.38,03/14/2017 15:00,03/14/2017,15:00:00,12/23/2017 23:00,12/23/2017,23:00:00,N/A,N/A
316,Long,Light Blue,10,100181,161.14,03/14/2017 11:00,03/14/2017,11:00:00,01/08/2018 07:00,01/08/2018,07:00:00,N/A,N/A
268,Short,Orange,72,37114,161.719,12/06/2016 11:00,12/06/2016,11:00:00,01/22/2018 01:00,01/22/2018,01:00:00,N/A,N/A
297,Medium,Red,28,36678,151.834,03/13/2017 11:00,03/13/2017,11:00:00,01/28/2018 21:00,01/28/2018,21:00:00,N/A,N/A
352,N/A,Pink,47,100069,159.97,11/05/2017 13:00,11/05/2017,13:00:00,01/29/2018 04:00,01/29/2018,04:00:00,N/A,N/A
366,N/A,Pink,36,37011,159.769,11/05/2017 20:00,11/05/2017,20:00:00,02/17/2018 23:00,02/17/2018,23:00:00,N/A,N/A
353,N/A,Green,49,100164,160.92,11/05/2017 11:00,11/05/2017,11:00:00,02/17/2018 11:00,02/17/2018,11:00:00,N/A,N/A
221,Medium,Yellow,63,37075,161.97,03/11/2016 09:00,03/11/2016,09:00:00,02/20/2018 09:00,02/20/2018,09:00:00,N/A,N/A
369,Long,Green,47,36828,159.06,11/08/2017 17:00,11/08/2017,17:00:00,03/11/2018 17:00,03/11/2018,17:00:00,N/A,N/A
363,Medium,Green,36,36937,159.569,11/06/2017 19:00,11/06/2017,19:00:00,03/11/2018 15:00,03/11/2018,15:00:00,N/A,N/A
370,Short,Pink,48,36998,159.639,11/06/2017 13:00,11/06/2017,13:00:00,03/11/2018 15:00,03/11/2018,15:00:00,N/A,N/A
260,Long,Yellow,57,37067,161.889,03/11/2016 18:00,03/11/2016,18:00:00,03/11/2018 13:00,03/11/2018,13:00:00,N/A,N/A
235,Long,Yellow,51,37076,161.979,03/11/2016 09:00,03/11/2016,09:00:00,03/11/2018 03:00,03/11/2018,03:00:00,N/A,N/A
225,Long,Orange,71,37117,161.749,03/11/2016 15:00,03/11/2016,15:00:00,03/11/2018 11:00,03/11/2018,11:00:00,N/A,N/A
108,Long,Orange,60,100283,160.92,03/13/2017 15:00,03/13/2017,15:00:00,03/11/2018 13:00,03/11/2018,13:00:00,N/A,N/A
276,Medium,Yellow,61,36631,151.122,03/14/2017 09:00,03/14/2017,09:00:00,03/12/2018 15:00,03/12/2018,15:00:00,N/A,N/A
362,Medium,Pink,33,36830,159.08,11/05/2017 15:00,11/05/2017,15:00:00,03/12/2018 15:00,03/12/2018,15:00:00,N/A,N/A
365,Medium,Pink,35,36913,159.327,11/07/2017 09:00,11/07/2017,09:00:00,03/12/2018 07:00,03/12/2018,07:00:00,N/A,N/A
364,Medium,Green,43,36936,159.559,11/06/2017 17:00,11/06/2017,17:00:00,03/12/2018 15:00,03/12/2018,15:00:00,N/A,N/A
360,Medium,Green,44,36997,159.629,11/08/2017 17:00,11/08/2017,17:00:00,03/12/2018 17:00,03/12/2018,17:00:00,N/A,N/A
367,N/A,Green,41,37002,159.68,11/06/2017 19:00,11/06/2017,19:00:00,03/12/2018 19:00,03/12/2018,19:00:00,N/A,N/A
332,Long,Yellow,56,37103,161.609,03/14/2017 17:00,03/14/2017,17:00:00,03/12/2018 11:00,03/12/2018,11:00:00,N/A,N/A
252,Medium,Orange,22,37105,161.629,03/11/2016 15:00,03/11/2016,15:00:00,03/12/2018 11:00,03/12/2018,11:00:00,N/A,N/A
254,Long,Yellow,25,37115,161.729,03/11/2016 17:00,03/11/2016,17:00:00,03/12/2018 11:00,03/12/2018,11:00:00,N/A,N/A
331,Long,Red,6,37119,161.77,03/14/2017 17:00,03/14/2017,17:00:00,03/12/2018 11:00,03/12/2018,11:00:00,N/A,N/A
318,Medium,Light Blue,7,100271,161.48,03/14/2017 13:00,03/14/2017,13:00:00,03/12/2018 11:00,03/12/2018,11:00:00,N/A,N/A
256,Medium,Purple,20,37121,161.79,03/11/2016 19:00,03/11/2016,19:00:00,03/16/2018 15:00,03/16/2018,15:00:00,N/A,N/A
334,Long,Light Blue,9,100280,160.86,03/14/2017 17:00,03/14/2017,17:00:00,03/30/2018 03:00,03/30/2018,03:00:00,N/A,N/A
124,Medium,Orange,65,36630,151.11,12/09/2017 17:00,12/09/2017,17:00:00,04/09/2018 09:00,04/09/2018,09:00:00,N/A,N/A
274,Medium,White,5,100173,161.06,03/14/2017 11:00,03/14/2017,11:00:00,04/21/2018 01:00,04/21/2018,01:00:00,N/A,N/A
367,N/A,Green,41,701440A,161.39,03/12/2018 11:00,03/12/2018,11:00:00,04/27/2018 09:00,04/27/2018,09:00:00,N/A,N/A
227,Medium,Yellow,4,100090,160.18,12/10/2017 01:00,12/10/2017,01:00:00,04/29/2018 01:00,04/29/2018,01:00:00,N/A,N/A
129,Long,Yellow,14,100208,161.4,03/12/2017 11:00,03/12/2017,11:00:00,05/23/2018 09:00,05/23/2018,09:00:00,N/A,N/A
219,Long,Orange,55,37112,161.669,03/11/2016 09:00,03/11/2016,09:00:00,06/16/2018 21:00,06/16/2018,21:00:00,N/A,N/A
358,Long,Pink,32,36643,151.194,11/05/2017 13:00,11/05/2017,13:00:00,07/11/2018 15:00,07/11/2018,15:00:00,N/A,N/A
318,Medium,Light Blue,7,701433A,161.27,03/12/2018 13:00,03/12/2018,13:00:00,07/17/2018 15:00,07/17/2018,15:00:00,N/A,N/A
370,Short,Pink,48,701436A,161.31,03/11/2018 15:00,03/11/2018,15:00:00,07/18/2018 09:00,07/18/2018,09:00:00,N/A,N/A
282,Long,Yellow,68,37056,151.942,03/12/2017 09:00,03/12/2017,09:00:00,09/03/2018 11:00,09/03/2018,11:00:00,N/A,N/A
417,Short,Purple,18,701427A,161.15,09/26/2018 11:00,09/26/2018,11:00:00,09/29/2018 17:00,09/29/2018,17:00:00,N/A,N/A
293,Long,Red,37,100194,161.26,03/13/2017 11:00,03/13/2017,11:00:00,10/13/2018 09:00,10/13/2018,09:00:00,N/A,N/A
346,Medium,Green,30,100139,160.67,11/05/2017 17:00,11/05/2017,17:00:00,10/30/2018 17:00,10/30/2018,17:00:00,N/A,N/A
411,Short,Purple,12,701448A,161.51,09/26/2018 09:00,09/26/2018,09:00:00,11/01/2018 03:00,11/01/2018,03:00:00,N/A,N/A
419,Short,Purple,20,100168,160.97,09/26/2018 15:00,09/26/2018,15:00:00,11/03/2018 07:00,11/03/2018,07:00:00,N/A,N/A
285,Long,Red,35,100191,161.24,03/12/2017 13:00,03/12/2017,13:00:00,11/11/2018 15:00,11/11/2018,15:00:00,N/A,N/A
336,Long,White,43,37059,161.809,03/14/2017 17:00,03/14/2017,17:00:00,11/21/2018 03:00,11/21/2018,03:00:00,N/A,N/A
230,Medium,Orange,62,36642,151.181,03/13/2017 09:00,03/13/2017,09:00:00,11/29/2018 13:00,11/29/2018,13:00:00,N/A,N/A
295,Medium,White,26,100270,161.46,03/13/2017 11:00,03/13/2017,11:00:00,12/04/2018 13:00,12/04/2018,13:00:00,N/A,N/A
251,Long,Yellow,53,36619,151.001,03/13/2017 15:00,03/13/2017,15:00:00,12/06/2018 07:00,12/06/2018,07:00:00,N/A,N/A
304,Long,Yellow,70,36629,151.101,03/13/2017 15:00,03/13/2017,15:00:00,12/06/2018 11:00,12/06/2018,11:00:00,N/A,N/A
286,Long,Red,33,36639,151.151,03/12/2017 13:00,03/12/2017,13:00:00,12/06/2018 11:00,12/06/2018,11:00:00,N/A,N/A
356,Medium,Green,31,36641,151.172,11/05/2017 13:00,11/05/2017,13:00:00,12/06/2018 11:00,12/06/2018,11:00:00,N/A,N/A
290,Long,White,46,36644,151.201,03/13/2017 11:00,03/13/2017,11:00:00,12/06/2018 13:00,12/06/2018,13:00:00,N/A,N/A
278,Long,Pink,26,36645,151.212,03/14/2017 19:00,03/14/2017,19:00:00,12/06/2018 15:00,12/06/2018,15:00:00,N/A,N/A
233,Long,White,37,36677,151.822,03/12/2017 09:00,03/12/2017,09:00:00,12/06/2018 09:00,12/06/2018,09:00:00,N/A,N/A
292,Long,Red,45,36683,151.914,03/13/2017 11:00,03/13/2017,11:00:00,12/06/2018 09:00,12/06/2018,09:00:00,N/A,N/A
287,Long,White,31,36717,149.032,03/13/2017 09:00,03/13/2017,09:00:00,12/06/2018 09:00,12/06/2018,09:00:00,N/A,N/A
279,Long,Purple,12,36730,149.393,03/14/2017 19:00,03/14/2017,19:00:00,12/06/2018 15:00,12/06/2018,15:00:00,N/A,N/A
359,Long,Pink,41,37052,151.1,11/05/2017 13:00,11/05/2017,13:00:00,12/06/2018 13:00,12/06/2018,13:00:00,N/A,N/A
343,Medium,Green,29,100120,160.48,11/05/2017 11:00,11/05/2017,11:00:00,12/06/2018 11:00,12/06/2018,11:00:00,N/A,N/A
300,Long,Red,30,100196,161.28,03/13/2017 13:00,03/13/2017,13:00:00,12/06/2018 09:00,12/06/2018,09:00:00,N/A,N/A
294,Medium,Yellow,66,36622,151.032,03/13/2017 11:00,03/13/2017,11:00:00,12/07/2018 07:00,12/07/2018,07:00:00,N/A,N/A
328,Medium,Light Blue,5,36625,151.061,03/14/2017 15:00,03/14/2017,15:00:00,12/07/2018 09:00,12/07/2018,09:00:00,N/A,N/A
311,Medium,Light Blue,2,36676,151.814,03/14/2017 09:00,03/14/2017,09:00:00,12/07/2018 07:00,12/07/2018,07:00:00,N/A,N/A
296,Medium,Yellow,59,36681,151.892,03/13/2017 11:00,03/13/2017,11:00:00,12/07/2018 07:00,12/07/2018,07:00:00,N/A,N/A
312,Medium,Light Blue,8,36726,149.342,03/14/2017 09:00,03/14/2017,09:00:00,12/07/2018 11:00,12/07/2018,11:00:00,N/A,N/A
426,Medium,White,1,701497A,159.46,09/26/2018 19:00,09/26/2018,19:00:00,12/07/2018 15:00,12/07/2018,15:00:00,N/A,N/A
277,Short,White,38,36623,151.041,03/14/2017 17:00,03/14/2017,17:00:00,12/08/2018 07:00,12/08/2018,07:00:00,N/A,N/A
351,Medium,Green,37,40642,162.168,12/09/2017 14:00,12/09/2017,14:00:00,12/29/2018 04:00,12/29/2018,04:00:00,N/A,N/A
257,Long,Orange,21,100179,161.12,03/14/2017 09:00,03/14/2017,09:00:00,01/14/2019 07:00,01/14/2019,07:00:00,N/A,N/A
112,Long,Yellow,2,701447A,161.49,03/11/2018 15:00,03/11/2018,15:00:00,01/14/2019 07:00,01/14/2019,07:00:00,N/A,N/A
421,Short,Purple,22,701440A,161.39,09/26/2018 13:00,09/26/2018,13:00:00,01/17/2019 05:00,01/17/2019,05:00:00,N/A,N/A
233,Long,White,37,706085A,162.15,12/06/2018 13:00,12/06/2018,13:00:00,01/18/2019 13:00,01/18/2019,13:00:00,N/A,N/A
278,Long,Pink,26,706108A,162.67,12/06/2018 19:00,12/06/2018,19:00:00,01/26/2019 01:00,01/26/2019,01:00:00,N/A,N/A
299,Long,Red,50,40735,162.332,12/09/2017 12:00,12/09/2017,12:00:00,01/30/2019 14:00,01/30/2019,14:00:00,N/A,N/A
321,Long,Light Blue,21,100254,161.04,03/14/2017 13:00,03/14/2017,13:00:00,02/10/2019 01:00,02/10/2019,01:00:00,N/A,N/A
333,Long,Light Blue,11,100277,160.8,03/14/2017 17:00,03/14/2017,17:00:00,02/10/2019 09:00,02/10/2019,09:00:00,N/A,N/A
409,Short,Purple,10,100069,159.97,09/26/2018 21:00,09/26/2018,21:00:00,02/23/2019 21:00,02/23/2019,21:00:00,N/A,N/A
230,Medium,Orange,62,706087A,162.27,12/06/2018 13:00,12/06/2018,13:00:00,02/28/2019 07:00,02/28/2019,07:00:00,N/A,N/A
332,Long,Yellow,56,701432A,161.25,03/12/2018 12:00,03/12/2018,12:00:00,03/01/2019 07:00,03/01/2019,07:00:00,N/A,N/A
241,Medium,Orange,58,100281,160.88,03/14/2017 11:00,03/14/2017,11:00:00,03/07/2019 07:00,03/07/2019,07:00:00,N/A,N/A
123,Medium,Orange,73,701435A,161.29,03/12/2018 11:00,03/12/2018,11:00:00,03/07/2019 03:00,03/07/2019,03:00:00,N/A,N/A
255,Long,Yellow,24,40643,162.178,03/12/2018 14:00,03/12/2018,14:00:00,03/17/2019 12:00,03/17/2019,12:00:00,N/A,N/A
365,Medium,Pink,35,701445A,161.45,03/12/2018 07:00,03/12/2018,07:00:00,03/17/2019 08:00,03/17/2019,08:00:00,N/A,N/A
279,Long,Purple,12,706096A,162.45,12/07/2018 07:00,12/07/2018,07:00:00,03/17/2019 11:00,03/17/2019,11:00:00,N/A,N/A
296,Medium,Yellow,59,706101A,162.53,12/07/2018 09:00,12/07/2018,09:00:00,03/17/2019 09:00,03/17/2019,09:00:00,N/A,N/A
433,Short,White,9,100022,150.45,09/26/2018 17:00,09/26/2018,17:00:00,03/20/2019 17:00,03/20/2019,17:00:00,N/A,N/A
412,Short,Purple,13,701442A,161.41,09/26/2018 09:00,09/26/2018,09:00:00,03/20/2019 13:00,03/20/2019,13:00:00,N/A,N/A
119,Long,Pink,4,40645,162.229,12/08/2017 10:00,12/08/2017,10:00:00,03/26/2019 12:00,03/26/2019,12:00:00,N/A,N/A
356,Medium,Green,31,706107A,162.65,12/06/2018 13:00,12/06/2018,13:00:00,03/26/2019 09:00,03/26/2019,09:00:00,N/A,N/A
295,Medium,White,26,706088A,162.29,03/17/2019 18:00,03/17/2019,18:00:00,03/31/2019 05:00,03/31/2019,05:00:00,N/A,N/A
251,Long,Yellow,53,706105A,162.61,12/06/2018 08:00,12/06/2018,08:00:00,04/07/2019 03:00,04/07/2019,03:00:00,N/A,N/A
425,Short,Green,41,100173,161.06,09/26/2018 07:00,09/26/2018,07:00:00,04/13/2019 19:00,04/13/2019,19:00:00,N/A,N/A
317,Long,Light Blue,24,100175,161.08,03/14/2017 11:00,03/14/2017,11:00:00,04/14/2019 01:00,04/14/2019,01:00:00,N/A,N/A
235,Long,Yellow,51,701431A,161.23,03/11/2018 17:00,03/11/2018,17:00:00,04/24/2019 09:00,04/24/2019,09:00:00,N/A,N/A
323,Long,Light Blue,12,100274,161.54,03/14/2017 15:00,03/14/2017,15:00:00,04/27/2019 13:00,04/27/2019,13:00:00,N/A,N/A
328,Medium,Light Blue,5,706091A,162.37,12/07/2018 11:00,12/07/2018,11:00:00,04/28/2019 03:00,04/28/2019,03:00:00,N/A,N/A
434,Short,White,10,100163,160.91,09/26/2018 07:00,09/26/2018,07:00:00,05/12/2019 13:00,05/12/2019,13:00:00,N/A,N/A
361,Medium,Pink,49,40640,162.119,12/09/2017 14:00,12/09/2017,14:00:00,05/15/2019 04:00,05/15/2019,04:00:00,N/A,N/A
422,Short,Purple,23,701436A,161.31,09/26/2018 11:00,09/26/2018,11:00:00,05/22/2019 05:00,05/22/2019,05:00:00,N/A,N/A
437,Short,White,13,100280,160.86,09/26/2018 11:00,09/26/2018,11:00:00,05/23/2019 15:00,05/23/2019,15:00:00,N/A,N/A
286,Long,Red,33,706094A,162.43,12/06/2018 12:00,12/06/2018,12:00:00,05/23/2019 05:00,05/23/2019,05:00:00,N/A,N/A
435,Short,White,11,100121,160.49,09/26/2018 13:00,09/26/2018,13:00:00,05/26/2019 05:00,05/26/2019,05:00:00,N/A,N/A
427,Short,White,2,701483A,159.33,09/26/2018 15:00,09/26/2018,15:00:00,05/26/2019 11:00,05/26/2019,11:00:00,N/A,N/A
329,Short,Light Blue,17,36633,151.141,03/14/2017 17:00,03/14/2017,17:00:00,06/05/2019 05:00,06/05/2019,05:00:00,N/A,N/A
302,Long,Yellow,13,100272,161.5,03/13/2017 15:00,03/13/2017,15:00:00,06/08/2019 11:00,06/08/2019,11:00:00,N/A,N/A
292,Long,Red,45,706098A,162.49,12/06/2018 10:00,12/06/2018,10:00:00,06/16/2019 15:00,06/16/2019,15:00:00,N/A,N/A
402,Short,Purple,4,100172,160.94,09/26/2018 15:00,09/26/2018,15:00:00,06/19/2019 01:00,06/19/2019,01:00:00,N/A,N/A
337,Medium,Light Blue,22,100187,161.2,03/14/2017 08:00,03/14/2017,08:00:00,06/20/2019 21:00,06/20/2019,21:00:00,N/A,N/A
432,Short,White,8,100015,150.31,09/26/2018 15:00,09/26/2018,15:00:00,06/27/2019 23:00,06/27/2019,23:00:00,N/A,N/A
400,Short,Purple,2,100066,159.94,09/26/2018 09:00,09/26/2018,09:00:00,07/11/2019 09:00,07/11/2019,09:00:00,N/A,N/A
414,Short,Purple,15,701426A,161.13,09/26/2018 13:00,09/26/2018,13:00:00,09/09/2019 03:00,09/09/2019,03:00:00,N/A,N/A
357,Short,Green,48,100080,160.08,11/05/2017 13:00,11/05/2017,13:00:00,09/29/2019 09:00,09/29/2019,09:00:00,N/A,N/A
287,Long,White,31,706093A,162.41,12/06/2018 10:00,12/06/2018,10:00:00,10/04/2019 15:00,10/04/2019,15:00:00,N/A,N/A
364,Medium,Green,43,701422A,161.05,03/12/2018 17:00,03/12/2018,17:00:00,11/09/2019 17:00,11/09/2019,17:00:00,N/A,N/A
349,Medium,Pink,42,100098,160.26,11/05/2017 13:00,11/05/2017,13:00:00,12/06/2019 09:00,12/06/2019,09:00:00,N/A,N/A
354,Medium,Green,45,100116,160.44,11/05/2017 13:00,11/05/2017,13:00:00,12/06/2019 09:00,12/06/2019,09:00:00,N/A,N/A
281,Medium,Yellow,67,100279,160.84,03/12/2017 09:00,03/12/2017,09:00:00,12/06/2019 15:00,12/06/2019,15:00:00,N/A,N/A
305,Long,Red,47,100286,160.98,03/13/2017 15:00,03/13/2017,15:00:00,12/06/2019 09:00,12/06/2019,09:00:00,N/A,N/A
403,Short,Purple,5,100070,159.98,09/26/2018 19:00,09/26/2018,19:00:00,12/07/2019 11:00,12/07/2019,11:00:00,N/A,N/A
313,Medium,Light Blue,14,37055,151.902,03/15/2017 01:00,03/15/2017,01:00:00,12/08/2019 19:00,12/08/2019,19:00:00,N/A,N/A
310,Medium,Yellow,12,40641,162.129,12/10/2017 12:00,12/10/2017,12:00:00,12/08/2019 08:00,12/08/2019,08:00:00,N/A,N/A
306,Long,Red,31,40644,162.219,12/08/2017 10:00,12/08/2017,10:00:00,12/09/2019 08:00,12/09/2019,08:00:00,N/A,N/A
413,Short,Purple,14,701429A,161.19,09/26/2018 11:00,09/26/2018,11:00:00,12/15/2019 05:00,12/15/2019,05:00:00,N/A,N/A
345,Long,Green,28,100282,160.9,11/06/2017 01:00,11/06/2017,01:00:00,12/31/2019 03:00,12/31/2019,03:00:00,N/A,N/A
254,Long,Yellow,25,701439A,161.37,03/12/2018 13:00,03/12/2018,13:00:00,01/10/2020 15:00,01/10/2020,15:00:00,N/A,N/A
406,Short,Purple,1,100113,160.41,09/26/2018 17:00,09/26/2018,17:00:00,01/14/2020 03:00,01/14/2020,03:00:00,N/A,N/A
312,Medium,Light Blue,8,706109A,162.69,12/07/2018 15:00,12/07/2018,15:00:00,01/20/2020 13:00,01/20/2020,13:00:00,N/A,N/A
428,Short,White,3,701507A,159.56,09/26/2018 11:00,09/26/2018,11:00:00,03/06/2020 13:00,03/06/2020,13:00:00,N/A,N/A
300,Long,Red,30,706103A,162.57,12/06/2018 09:00,12/06/2018,09:00:00,03/06/2020 13:00,03/06/2020,13:00:00,N/A,N/A
424,Short,Purple,25,100181,161.14,09/26/2018 17:00,09/26/2018,17:00:00,03/07/2020 12:00,03/07/2020,12:00:00,N/A,N/A
423,Short,Purple,24,100206,161.38,09/26/2018 13:00,09/26/2018,13:00:00,03/07/2020 13:00,03/07/2020,13:00:00,N/A,N/A
472,N/A,Yellow,20,706098A,162.49,03/07/2020 15:00,03/07/2020,15:00:00,03/14/2020 09:00,03/14/2020,09:00:00,N/A,N/A
448,N/A,Yellow,18,701448A,161.51,03/06/2020 15:00,03/06/2020,15:00:00,03/15/2020 05:00,03/15/2020,05:00:00,N/A,N/A
309,Long,Red,49,100285,160.96,03/13/2017 17:00,03/13/2017,17:00:00,03/19/2020 13:00,03/19/2020,13:00:00,N/A,N/A
450,N/A,Yellow,16,701431A,161.23,03/06/2020 19:00,03/06/2020,19:00:00,03/22/2020 07:00,03/22/2020,07:00:00,N/A,N/A
303,Long,Red,29,100204,161.36,03/13/2017 15:00,03/13/2017,15:00:00,03/30/2020 07:00,03/30/2020,07:00:00,N/A,N/A
319,Long,Light Blue,19,100273,161.52,03/14/2017 13:00,03/14/2017,13:00:00,04/02/2020 07:00,04/02/2020,07:00:00,N/A,N/A
459,N/A,Light Blue,46,701447A,161.49,03/07/2020 09:00,03/07/2020,09:00:00,04/02/2020 11:00,04/02/2020,11:00:00,N/A,N/A
453,N/A,Yellow,21,715844A,161.62,03/06/2020 19:00,03/06/2020,19:00:00,04/08/2020 19:00,04/08/2020,19:00:00,N/A,N/A
449,N/A,Light Blue,38,701427A,161.15,03/06/2020 17:00,03/06/2020,17:00:00,04/14/2020 13:00,04/14/2020,13:00:00,N/A,N/A
326,Medium,Light Blue,20,100255,161.02,03/14/2017 15:00,03/14/2017,15:00:00,04/17/2020 05:00,04/17/2020,05:00:00,N/A,N/A
369,Long,Green,47,701430A,161.21,03/12/2018 15:00,03/12/2018,15:00:00,04/18/2020 09:00,04/18/2020,09:00:00,N/A,N/A
343,Medium,Green,29,706083A,162.07,12/06/2018 15:00,12/06/2018,15:00:00,04/19/2020 15:00,04/19/2020,15:00:00,N/A,N/A
458,N/A,Yellow,22,715854A,161.8,03/06/2020 21:00,03/06/2020,21:00:00,04/29/2020 17:00,04/29/2020,17:00:00,N/A,N/A
311,Medium,Light Blue,2,706106A,162.63,12/07/2018 09:00,12/07/2018,09:00:00,05/12/2020 13:00,05/12/2020,13:00:00,N/A,N/A
298,Long,Red,32,100212,161.44,03/13/2017 13:00,03/13/2017,13:00:00,05/16/2020 09:00,05/16/2020,09:00:00,N/A,N/A
276,Medium,Yellow,61,701441A,161.4,03/12/2018 19:00,03/12/2018,19:00:00,06/08/2020 07:00,06/08/2020,07:00:00,N/A,N/A
471,Short,Light Blue,29,706087A,162.27,03/07/2020 15:00,03/07/2020,15:00:00,07/22/2020 01:00,07/22/2020,01:00:00,N/A,N/A
462,Short,Red,16,715843A,161.6,03/07/2020 11:00,03/07/2020,11:00:00,09/09/2020 04:00,09/09/2020,04:00:00,N/A,N/A
430,Short,White,6,701505A,159.54,09/26/2018 15:00,09/26/2018,15:00:00,09/10/2020 03:00,09/10/2020,03:00:00,N/A,N/A
308,Long,Red,44,701446A,161.47,03/12/2018 09:00,03/12/2018,09:00:00,09/24/2020 17:00,09/24/2020,17:00:00,N/A,N/A
469,Short,Light Blue,33,701436A,161.31,03/07/2020 15:00,03/07/2020,15:00:00,10/03/2020 17:00,10/03/2020,17:00:00,N/A,N/A
310,Medium,Yellow,12,706090A,162.35,12/08/2019 11:00,12/08/2019,11:00:00,10/06/2020 07:00,10/06/2020,07:00:00,N/A,N/A
440,Short,White,15,706110A,162.71,12/08/2018 11:00,12/08/2018,11:00:00,10/25/2020 14:00,10/25/2020,14:00:00,N/A,N/A
455,Long,Light Blue,51,715853A,161.78,03/06/2020 19:00,03/06/2020,19:00:00,10/25/2020 23:00,10/25/2020,23:00:00,N/A,N/A
290,Long,White,46,706092A,162.39,12/06/2018 17:00,12/06/2018,17:00:00,10/31/2020 05:00,10/31/2020,05:00:00,N/A,N/A
443,Medium,Light Blue,100,715855A,161.82,03/06/2020 09:00,03/06/2020,09:00:00,12/06/2020 09:00,12/06/2020,09:00:00,N/A,N/A
456,Long,Red,22,706091A,162.37,03/06/2020 19:00,03/06/2020,19:00:00,12/07/2020 11:00,12/07/2020,11:00:00,N/A,N/A
306,Long,Red,31,706102A,162.55,12/09/2019 11:00,12/09/2019,11:00:00,12/07/2020 11:00,12/07/2020,11:00:00,N/A,N/A
277,Short,White,38,706099A,162.51,12/08/2018 09:00,12/08/2018,09:00:00,02/24/2021 14:00,02/24/2021,14:00:00,N/A,N/A
315,Medium,Light Blue,23,100183,161.16,03/14/2017 10:00,03/14/2017,10:00:00,02/27/2021 07:00,02/27/2021,07:00:00,N/A,N/A
436,Short,White,12,100077,160.05,09/26/2018 11:00,09/26/2018,11:00:00,03/04/2021 19:00,03/04/2021,19:00:00,N/A,N/A
304,Long,Yellow,70,706079A,162.01,12/06/2018 15:00,12/06/2018,15:00:00,03/04/2021 15:00,03/04/2021,15:00:00,N/A,N/A
347,Medium,Pink,31,100073,160.01,11/05/2017 11:00,11/05/2017,11:00:00,03/08/2021 15:00,03/08/2021,15:00:00,N/A,N/A
371,Long,Pink,50,100118,160.46,12/10/2017 11:00,12/10/2017,11:00:00,03/08/2021 07:00,03/08/2021,07:00:00,N/A,N/A
355,Medium,Pink,46,100122,160.5,11/05/2017 13:00,11/05/2017,13:00:00,03/08/2021 11:00,03/08/2021,11:00:00,N/A,N/A
344,Long,Pink,30,100198,161.3,11/05/2017 11:00,11/05/2017,11:00:00,03/08/2021 13:00,03/08/2021,13:00:00,N/A,N/A
340,Long,Pink,43,100138,160.66,11/05/2017 09:00,11/05/2017,09:00:00,03/09/2021 07:00,03/09/2021,07:00:00,N/A,N/A
460,Long,Yellow,23,715862A,161.94,03/07/2020 17:00,03/07/2020,17:00:00,03/09/2021 17:00,03/09/2021,17:00:00,N/A,N/A
407,Short,Purple,8,100072,160,09/26/2018 17:00,09/26/2018,17:00:00,03/10/2021 17:00,03/10/2021,17:00:00,N/A,N/A
404,Short,Purple,6,100102,160.3,09/26/2018 19:00,09/26/2018,19:00:00,03/10/2021 11:00,03/10/2021,11:00:00,N/A,N/A
401,Short,Purple,3,100130,160.58,09/26/2018 19:00,09/26/2018,19:00:00,03/10/2021 13:00,03/10/2021,13:00:00,N/A,N/A
431,Short,White,7,100283,160.92,09/26/2018 13:00,09/26/2018,13:00:00,03/10/2021 13:00,03/10/2021,13:00:00,N/A,N/A
441,Short,White,14,706089A,162.31,12/08/2018 09:00,12/08/2018,09:00:00,03/10/2021 17:00,03/10/2021,17:00:00,N/A,N/A
255,Long,Yellow,24,707876A,162.178,03/17/2019 15:00,03/17/2019,15:00:00,03/10/2021 13:00,03/10/2021,13:00:00,N/A,N/A
466,Long,Yellow,17,715846A,161.64,03/07/2020 17:00,03/07/2020,17:00:00,03/10/2021 17:00,03/10/2021,17:00:00,N/A,N/A
408,Short,Purple,9,100079,160.07,09/26/2018 13:00,09/26/2018,13:00:00,03/11/2021 13:00,03/11/2021,13:00:00,N/A,N/A
341,Medium,Green,42,100108,160.36,11/05/2017 09:00,11/05/2017,09:00:00,03/11/2021 07:00,03/11/2021,07:00:00,N/A,N/A
418,Short,Purple,19,100110,160.38,09/26/2018 17:00,09/26/2018,17:00:00,03/11/2021 05:00,03/11/2021,05:00:00,N/A,N/A
442,Long,Purple,18,707879A,162.332,03/17/2019 17:00,03/17/2019,17:00:00,03/11/2021 13:00,03/11/2021,13:00:00,N/A,N/A
519,N/A,Light Blue,50,723305A,160.2,03/10/2021 17:00,03/10/2021,17:00:00,03/14/2021 11:00,03/14/2021,11:00:00,N/A,N/A
336,Long,White,43,706086A,162.25,12/06/2018 12:00,12/06/2018,12:00:00,03/30/2021 13:00,03/30/2021,13:00:00,N/A,N/A
291,Long,Red,34,100210,161.42,03/13/2017 11:00,03/13/2017,11:00:00,04/08/2021 19:00,04/08/2021,19:00:00,N/A,N/A
504,N/A,Red,17,723320A,160.51,03/08/2021 13:00,03/08/2021,13:00:00,04/09/2021 04:00,04/09/2021,04:00:00,N/A,N/A
500,N/A,Green,17,723308A,160.26,03/08/2021 09:00,03/08/2021,09:00:00,04/13/2021 19:00,04/13/2021,19:00:00,N/A,N/A
359,Long,Pink,41,706097A,162.47,12/06/2018 17:00,12/06/2018,17:00:00,04/14/2021 21:00,04/14/2021,21:00:00,N/A,N/A
501,N/A,Orange,39,715854A,161.8,03/08/2021 08:00,03/08/2021,08:00:00,04/14/2021 09:00,04/14/2021,09:00:00,N/A,N/A
461,Medium,Yellow,3,715847A,161.66,03/07/2020 09:00,03/07/2020,09:00:00,05/04/2021 11:00,05/04/2021,11:00:00,N/A,N/A
523,N/A,Green,19,715855A,161.82,03/10/2021 17:00,03/10/2021,17:00:00,05/04/2021 19:00,05/04/2021,19:00:00,N/A,N/A
518,N/A,Orange,73,723307A,160.24,03/10/2021 15:00,03/10/2021,15:00:00,05/12/2021 07:00,05/12/2021,07:00:00,N/A,N/A
510,Long,Green,7,723299A,160.08,03/08/2021 19:00,03/08/2021,19:00:00,05/13/2021 21:00,05/13/2021,21:00:00,N/A,N/A
415,Short,Purple,16,701438A,161.35,09/26/2018 11:00,09/26/2018,11:00:00,05/17/2021 07:00,05/17/2021,07:00:00,N/A,N/A
508,N/A,Red,13,706110A,162.71,03/08/2021 17:00,03/08/2021,17:00:00,05/17/2021 12:00,05/17/2021,12:00:00,N/A,N/A
256,Medium,Purple,20,701449A,161.53,03/16/2018 17:00,03/16/2018,17:00:00,05/18/2021 13:00,05/18/2021,13:00:00,N/A,N/A
296,Medium,Yellow,59,707228A,162.73,03/17/2019 12:00,03/17/2019,12:00:00,05/24/2021 16:00,05/24/2021,16:00:00,N/A,N/A
420,Short,Light Blue,30,701433A,161.27,09/26/2018 13:00,09/26/2018,13:00:00,05/25/2021 17:00,05/25/2021,17:00:00,N/A,N/A
259,Long,Yellow,64,701423A,161.07,03/11/2018 17:00,03/11/2018,17:00:00,05/29/2021 18:00,05/29/2021,18:00:00,N/A,N/A
517,Short,Red,21,701447A,161.49,03/10/2021 13:00,03/10/2021,13:00:00,05/30/2021 13:00,05/30/2021,13:00:00,N/A,N/A
539,Long,Red,7,706098A,162.49,03/11/2021 11:00,03/11/2021,11:00:00,06/20/2021 17:00,06/20/2021,17:00:00,N/A,N/A
260,Long,Yellow,57,701437A,161.33,03/11/2018 16:00,03/11/2018,16:00:00,06/21/2021 16:00,06/21/2021,16:00:00,N/A,N/A
468,Short,Yellow,7,706105A,162.61,03/07/2020 13:00,03/07/2020,13:00:00,06/25/2021 15:00,06/25/2021,15:00:00,N/A,N/A
363,Medium,Blue,88,701428A,161.17,03/11/2018 17:00,03/11/2018,17:00:00,07/23/2021 22:00,07/23/2021,22:00:00,N/A,N/A
344,Long,Pink,30,723570A,162.332,03/08/2021 15:00,03/08/2021,15:00:00,07/23/2021 07:00,07/23/2021,07:00:00,N/A,N/A
522,Short,Green,15,723300A,160.1,03/10/2021 17:00,03/10/2021,17:00:00,08/19/2021 09:00,08/19/2021,09:00:00,N/A,N/A
466,Long,Yellow,17,46523,160.67,03/11/2021 18:00,03/11/2021,18:00:00,08/24/2021 18:00,08/24/2021,18:00:00,N/A,N/A
506,Medium,Yellow,14,715853A,161.78,03/08/2021 17:00,03/08/2021,17:00:00,09/24/2021 23:00,09/24/2021,23:00:00,N/A,N/A
239,Medium,Orange,63,100276,161.58,03/13/2017 13:00,03/13/2017,13:00:00,10/07/2021 07:00,10/07/2021,07:00:00,07/30/2020,11/29/2021
538,Medium,Light Blue,55,723310A,160.31,03/11/2021 17:00,03/11/2021,17:00:00,10/28/2021 03:00,10/28/2021,03:00:00,06/15/2024,03/15/2025
526,Short,Orange,72,723327A,160.61,03/11/2021 17:00,03/11/2021,17:00:00,11/08/2021 15:25,11/08/2021,15:25:45,06/15/2024,03/15/2025
300,Long,Red,30,706088A,162.29,03/06/2020 17:00,03/06/2020,17:00:00,11/11/2021 06:00,11/11/2021,06:00:05,NA,NA
533,Medium,N/A,N/A,723315A,160.41,03/11/2021 17:00,03/11/2021,17:00:00,11/11/2021 13:00,11/11/2021,13:00:00,06/15/2024,03/15/2025
371,Long,Pink,50,723317A,160.45,03/08/2021 17:00,03/08/2021,17:00:00,11/22/2021 14:00,11/22/2021,14:00:07,06/15/2024,03/15/2025
548,Long,N/A,N/A,706079A,162.01,03/15/2021 17:00,03/15/2021,17:00:00,12/01/2021 06:00,12/01/2021,06:00:05,03/15/2022,12/15/2022
410,Short,Purple,11,100104,160.32,09/26/2018 17:00,09/26/2018,17:00:00,12/06/2021 13:57,12/06/2021,13:57:00,07/30/2020,11/29/2021
511,Medium,Green,9,701448A,161.51,03/08/2021 17:00,03/08/2021,17:00:00,12/06/2021 12:52,12/06/2021,12:52:00,06/15/2021,03/15/2022
460,Long,Yellow,23,46521,160.63,03/11/2021 21:00,03/11/2021,21:00:00,12/07/2021 13:42,12/07/2021,13:42:00,N/A,N/A
327,Long,Light Blue,13,100177,161.1,03/14/2017 17:00,03/14/2017,17:00:00,12/07/2021 10:58,12/07/2021,10:58:00,07/30/2020,11/29/2021
314,Long,Light Blue,5,100185,161.18,03/14/2017 17:00,03/14/2017,17:00:00,12/07/2021 10:49,12/07/2021,10:49:00,07/30/2020,11/29/2021
284,Medium,White,44,100189,161.22,03/12/2017 19:00,03/12/2017,19:00:00,12/07/2021 14:59,12/07/2021,14:59:00,07/30/2020,11/29/2021
280,Short,Yellow,55,100202,161.34,03/12/2017 08:00,03/12/2017,08:00:00,12/06/2021 08:27,12/07/2021,08:27:00,07/30/2020,11/29/2021
330,Long,Light Blue,4,100256,161,03/14/2017 17:00,03/14/2017,17:00:00,12/07/2021 14:30,12/07/2021,14:30:00,07/30/2020,11/29/2021
474,Short,Light Blue,54,706093A,162.41,03/07/2020 19:00,03/07/2020,19:00:00,12/07/2021 07:14,12/07/2021,07:14:00,03/15/2022,12/15/2022
532,Medium,Green,23,701442A,161.41,03/11/2021 09:00,03/11/2021,09:00:00,12/22/2021 01:07,12/22/2021,01:07:00,06/15/2021,03/15/2022
294,Medium,Yellow,66,706104A,162.59,12/07/2018 09:00,12/07/2018,09:00:00,01/19/2022 14:00,01/19/2022,14:00:00,03/15/2022,12/15/2022
444,Long,Red,12,715863A,161.96,03/06/2020 13:00,03/06/2020,13:00:00,01/29/2022 02:00,01/29/2022,02:00:00,06/15/2023,03/15/2024
327,Long,Light Blue,13,715855A,161.82,12/07/2021 11:30,12/07/2021,11:30:00,02/08/2022 02:00,02/08/2022,02:00:00,07/30/2020,11/29/2021
534,Medium,Orange,69,715862A,161.94,03/10/2021 17:00,03/10/2021,17:00:00,02/14/2022 02:56,02/14/2022,02:56:00,06/15/2023,03/15/2024
442,Long,Purple,18,723322A,160.55,03/11/2021 17:00,03/11/2021,17:00:00,02/18/2022 23:00,02/18/2022,23:00:00,06/15/2024,03/15/2025
279,Long,Purple,12,706081A,162.03,03/17/2019 15:00,03/17/2019,15:00:00,03/05/2022 20:00,03/05/2022,20:00:00,03/15/2022,12/15/2022
331,Long,Red,6,701420A,161.01,03/12/2018 12:00,03/12/2018,12:00:00,03/08/2022 15:35,03/08/2022,15:35:00,06/15/2021,03/15/2022
252,Medium,Orange,22,701424A,161.09,03/12/2018 13:00,03/12/2018,13:00:00,03/08/2022 10:50,03/08/2022,10:50:00,06/15/2021,03/15/2022
108,Long,Orange,60,701425A,161.11,03/11/2018 14:00,03/11/2018,14:00:00,03/08/2022 10:07,03/08/2022,10:07:00,06/15/2021,03/15/2022
542,Medium,Orange,70,701427A,161.15,03/11/2021 17:00,03/11/2021,17:00:00,03/08/2022 13:43,03/08/2022,13:45:00,06/15/2021,03/15/2022
544,Short,Green,1,701429A,161.19,03/11/2021 17:00,03/11/2021,17:00:00,03/08/2022 14:50,03/08/2022,14:50:00,06/15/2021,03/15/2022
515,Long,Yellow,15,701431A,161.23,03/08/2021 19:00,03/08/2021,19:00:00,03/08/2022 16:45,03/08/2022,16:45:00,06/15/2021,03/15/2022
225,Long,Orange,71,701434A,161.28,03/11/2018 13:00,03/11/2018,13:00:00,03/08/2022 11:55,03/08/2022,11:55:00,06/15/2021,03/15/2022
546,Short,Green,21,701436A,161.31,03/11/2021 17:00,03/11/2021,17:00:00,03/08/2022 14:53,03/08/2022,14:53:00,06/15/2021,03/15/2022
410,Short,Purple,11,701438A,161.35,12/06/2021 14:16,12/06/2021,14:16:00,03/08/2022 11:03,03/08/2022,11:03:00,07/30/2020,11/29/2021
541,Long,Green,12,701441A,161.4,03/11/2021 17:00,03/11/2021,17:00:00,03/08/2022 14:09,03/08/2022,14:09:00,06/15/2021,03/15/2022
242,Long,Yellow,49,706082A,162.05,12/06/2018 09:00,12/06/2018,09:00:00,03/08/2022 16:20,03/08/2022,16:20:00,03/15/2022,12/15/2022
507,Long,Green,14,723306A,160.22,03/08/2021 17:00,03/08/2021,17:00:00,03/08/2022 10:08,03/08/2022,10:08:00,06/15/2024,03/15/2025
416,Short,Purple,17,701421A,161.03,09/26/2018 06:00,09/26/2018,06:00:00,03/09/2022 15:29,03/09/2022,15:29:00,06/15/2021,03/15/2022
473,Medium,Green,2,701426A,161.13,03/07/2020 16:00,03/07/2020,16:00:00,03/09/2022 14:49,03/09/2022,14:49:00,06/15/2021,03/15/2022
401,Short,Purple,3,701435A,161.29,03/10/2021 17:00,03/10/2021,17:00:00,03/09/2022 17:05,03/09/2022,17:05:00,06/15/2021,03/15/2022
531,Long,Yellow,4,701439A,161.37,03/11/2021 17:00,03/11/2021,17:00:00,03/09/2022 14:13,03/09/2022,14:13:00,06/15/2021,03/15/2022
470,Short,Red,14,701440A,161.39,03/07/2020 14:00,03/07/2020,14:00:00,03/09/2022 17:40,03/09/2022,17:40:00,06/15/2021,03/15/2022
460,Long,Yellow,23,701447A,161.49,12/07/2021 13:54,12/07/2021,13:54:00,03/09/2022 14:18,03/09/2022,14:18:00,12/01/2022,12/01/2022
362,Medium,Pink,33,701450A,161.55,03/12/2018 19:00,03/12/2018,19:00:00,03/09/2022 10:05,03/09/2022,10:05:00,06/15/2021,03/15/2022
527,Short,N/A,N/A,723314A,160.39,03/11/2021 17:00,03/11/2021,17:00:00,03/09/2022 15:49,03/09/2022,15:49:00,06/15/2024,03/15/2025
528,Short,Red,19,701422A,161.05,03/10/2021 18:00,03/10/2021,18:00:00,03/10/2022 10:10,03/10/2022,10:10:00,06/15/2021,03/15/2022
407,Short,Purple,8,701430A,161.21,03/11/2021 17:00,03/11/2021,17:00:00,03/10/2022 08:30,03/10/2022,08:30:00,06/15/2021,03/15/2022
360,Medium,Green,44,701443A,161.43,03/13/2018 10:00,03/13/2018,10:00:00,03/10/2022 10:38,03/10/2022,10:38:00,06/15/2021,03/15/2022
431,Short,White,7,701445A,161.45,03/10/2021 17:00,03/10/2021,17:00:00,03/10/2022 08:10,03/10/2022,08:10:00,06/15/2021,03/15/2022
671,N/A,Green,16,728201A,160.82,03/10/2022 14:12,03/10/2022,14:12:00,03/13/2022 03:49,03/11/2022,03:49:00,06/09/2025,03/09/2026
531,Long,Yellow,4,728182A,160.62,03/09/2022 14:13,03/09/2022,14:13:00,03/11/2022 01:09,03/11/2022,01:09:00,06/09/2025,03/09/2026
615,N/A,Green,48,728185A,160.68,03/09/2022 12:43,03/09/2022,12:43:00,03/19/2022 11:00,03/19/2022,11:00:00,06/15/2025,03/15/2026
306,Long,Red,31,706092A,162.39,12/07/2020 11:00,12/07/2020,11:00:00,03/21/2022 13:00,03/21/2022,13:00:00,03/15/2023,12/15/2023
661,N/A,Orange,18,706104A,162.59,03/08/2022 08:34,03/08/2022,08:34:00,03/30/2022 13:00,03/30/2022,13:00:00,03/15/2023,12/15/2023
624,N/A,Orange,64,48626,160.36,03/09/2022 11:28,03/09/2022,11:28:00,,,,N/A,N/A
507,Long,Green,14,48631,160.63,03/08/2022 10:08,03/08/2022,10:08:00,,,,N/A,N/A
331,Long,Red,6,701432A,161.25,03/08/2022 15:35,03/08/2022,15:35:00,,,,04/05/2022,12/01/2022
546,Short,Green,21,701448A,161.51,03/08/2022 14:53,03/08/2022,14:53:00,,,,04/05/2022,12/01/2022
663,N/A,Blue,13,706079A,162.01,03/08/2022 09:45,03/08/2022,09:45:00,,,,04/05/2022,12/01/2022
619,N/A,Purple,12,706081A,162.03,03/09/2022 10:32,03/09/2022,10:32:00,,,,04/05/2022,12/01/2022
515,Long,Yellow,15,706082A,162.05,03/08/2022 16:45,03/08/2022,16:45:00,,,,04/05/2022,12/01/2022
540,Long,Red,92,706083A,162.07,03/11/2021 17:00,03/11/2021,17:00:00,,,,04/05/2022,12/01/2022
426,Medium,White,1,706084A,162.09,12/07/2018 19:00,12/07/2018,19:00:00,,,,04/05/2022,12/01/2022
349,Medium,Pink,42,706085A,162.15,12/06/2019 15:00,12/06/2019,15:00:00,,,,04/05/2022,12/01/2022
541,Long,Green,12,706086A,162.25,03/08/2022 14:09,03/08/2022,14:09:00,,,,04/05/2022,12/01/2022
536,Medium,Light Blue,98,706087A,162.27,03/11/2021 17:00,03/11/2021,17:00:00,,,,04/05/2022,12/01/2022
622,N/A,Green,30,706088A,162.9,03/09/2022 10:34,03/09/2022,10:34:00,,,,04/05/2022,12/01/2022
535,Medium,Red,24,706089A,162.31,03/11/2021 17:00,03/11/2021,17:00:00,,,,04/05/2022,12/01/2022
545,Short,Orange,51,706090A,162.35,03/09/2021 12:00,03/11/2021,12:00:00,,,,04/05/2022,12/01/2022
543,Long,Yellow,2,706091A,162.37,03/11/2021 17:00,03/11/2021,17:00:00,,,,04/05/2022,12/01/2022
667,N/A,Orange,60,706093A,162.41,03/08/2022 09:20,03/08/2022,09:20:00,04/04/2022 22:23,04/04/2022,22:23:00,04/05/2022,12/01/2022
313,Medium,Light Blue,14,706094A,162.43,12/09/2019 11:00,12/09/2019,11:00:00,,,,04/05/2022,12/01/2022
252,Long,Orange,22,706097A,162.47,03/08/2022 10:50,03/08/2022,10:50:00,,,,04/05/2022,12/01/2022
280,Short,Yellow,55,706098A,162.49,12/06/2021 09:03,12/06/2021,09:03:00,,,,04/05/2022,12/01/2022
530,Short,Light Blue,28,706099A,162.51,03/11/2021 17:00,03/11/2021,17:00:00,,,,04/05/2022,12/01/2022
529,Short,Orange,40,706103A,162.57,03/11/2021 17:00,03/11/2021,17:00:00,,,,04/05/2022,12/01/2022
655,N/A,N/A,N/A,706105A,162.61,03/08/2022 12:52,03/08/2022,12:52:00,,,,04/05/2022,12/01/2022
512,Long,Red,91,706106A,162.63,03/09/2021 17:00,03/09/2021,17:00:00,,,,04/05/2022,12/01/2022
424,Short,Yellow,1,706107A,162.65,03/07/2020 17:00,03/07/2020,17:00:00,,,,04/05/2022,12/01/2022
467,Short,Yellow,14,706108A,162.67,03/07/2020 17:00,03/07/2020,17:00:00,,,,04/05/2022,12/01/2022
509,Medium,Light Blue,67,706109A,162.69,03/08/2021 17:00,03/08/2021,17:00:00,,,,04/05/2022,12/01/2022
682,N/A,Red,142,707228A,162.73,03/08/2022 10:35,03/08/2022,10:35:00,,,,04/05/2022,12/01/2022
516,Medium,Light Blue,31,715843A,161.6,03/08/2021 19:00,03/08/2021,19:00:00,,,,07/05/2023,03/01/2024
503,Long,Green,5,715844A,161.62,03/08/2021 17:00,03/08/2021,17:00:00,04/09/2022 11:00,04/09/2022,11:00:00,07/05/2023,03/01/2024
537,Medium,Green,13,715846A,161.64,03/11/2021 17:00,03/11/2021,17:00:00,,,,07/05/2023,03/01/2024
683,N/A,N/A,N/A,715847A,161.66,03/08/2022 12:45,03/08/2022,12:45:00,,,,07/05/2023,03/01/2024
307,Medium,Red,40,715848A,161.68,03/06/2020 09:00,03/06/2020,09:00:00,,,,07/05/2023,03/01/2024
447,Long,Yellow,5,715849A,161.7,03/06/2020 17:00,03/06/2020,17:00:00,,,,07/05/2023,03/01/2024
465,Long,Green,25,715850A,161.72,03/07/2020 13:00,03/07/2020,13:00:00,,,,07/05/2023,03/01/2024
463,Long,Light Blue,85,715851A,161.74,03/07/2020 11:00,03/07/2020,11:00:00,,,,07/05/2023,03/01/2024
446,Medium,Yellow,8,715852A,161.76,03/06/2020 17:00,03/06/2020,17:00:00,,,,07/05/2023,03/01/2024
542,Medium,Orange,70,715853A,161.78,03/08/2022 13:43,03/08/2022,13:45:00,,,,07/05/2023,03/01/2024
284,Medium,White,44,715854A,161.8,12/07/2021 15:05,12/07/2021,15:05:00,,,,07/05/2023,03/01/2024
665,N/A,Purple,1,715855A,161.82,03/08/2022 08:12,03/08/2022,08:12:00,,,,07/05/2023,03/01/2024
445,Medium,Yellow,10,715857A,161.84,03/06/2020 13:00,03/06/2020,13:00:00,,,,07/05/2023,03/01/2024
452,Long,Light Blue,66,715858A,161.86,03/07/2020 17:00,03/07/2020,17:00:00,,,,07/05/2023,03/01/2024
457,Medium,Light Blue,93,715859A,161.88,03/06/2020 21:00,03/06/2020,21:00:00,,,,07/05/2023,03/01/2024
451,Long,Yellow,19,715860A,161.9,03/06/2020 19:00,03/06/2020,19:00:00,,,,07/05/2023,03/01/2024
464,Medium,Yellow,6,715861A,161.92,03/07/2020 17:00,03/07/2020,17:00:00,04/23/2022 01:00,4/23/20222,01:00:00,07/05/2023,03/01/2024
660,N/A,Red,133,715862A,161.94,03/08/2022 08:20,03/08/2022,08:20:00,,,,07/05/2023,03/01/2024
659,N/A,Green,6,715863A,161.96,03/08/2022 08:53,03/08/2022,08:53:00,,,,07/05/2023,03/01/2024
454,Long,Yellow,11,715864A,161.98,03/06/2020 18:00,03/06/2020,18:00:00,,,,07/05/2023,03/01/2024
547,Long,White,135,723128A,162.44,03/15/2021 17:00,03/15/2021,17:00:00,,,,06/15/2024,03/15/2025
520,Short,Yellow,13,723296A,160.02,03/10/2021 17:00,03/10/2021,17:00:00,,,,06/15/2024,03/15/2025
330,Long,Light Blue,4,723297A,160.4,12/07/2021 15:25,12/07/2021,15:25:00,,,,07/30/2020,11/29/2021
347,Medium,Pink,31,723298A,160.06,03/08/2021 17:00,03/08/2021,17:00:00,,,,06/15/2024,03/15/2025
108,Long,Orange,60,723299A,160.08,03/08/2022 10:07,03/08/2022,10:07:00,,,,06/15/2024,03/15/2025
403,Short,Purple,5,723301A,160.12,03/10/2021 17:00,03/10/2021,17:00:00,,,,06/15/2024,03/15/2025
525,Short,Yellow,12,723302A,160.14,03/11/2021 17:00,03/11/2021,17:00:00,,,,06/15/2024,03/15/2025
358,Long,Pink,32,723303A,160.16,03/08/2021 10:00,03/08/2021,10:00:00,,,,06/15/2024,03/15/2025
404,Short,Purple,6,723304A,160.18,03/11/2021 17:00,03/11/2021,17:00:00,,,,06/15/2024,03/15/2025
511,Medium,Green,9,723305A,160.2,12/06/2021 13:34,12/06/2021,13:34:00,,,,06/15/2024,03/15/2025
669,N/A,Purple,25,723306A,160.22,03/08/2022 10:35,03/08/2022,10:35:00,,,,06/15/2024,03/15/2025
681,N/A,Light Blue,40,723307A,160.24,03/08/2022 12:22,03/08/2022,12:22:00,,,,06/15/2024,03/15/2025
544,Short,Green,1,723308A,160.26,03/08/2022 14:50,03/08/2022,14:50:00,,,,06/15/2024,03/15/2025
505,Long,Green,8,723309A,160.28,03/08/2021 17:00,03/08/2021,17:00:00,04/09/2022 08:00,04/09/2022,08:00:00,06/15/2024,03/15/2025
680,N/A,Blue,19,723310A,160.31,03/08/2022 09:23,03/08/2022,09:23:00,,,,06/15/2024,03/15/2025
513,Long,Blue,77,723311A,160.33,03/09/2021 17:00,03/09/2021,17:00:00,,,,06/15/2024,03/15/2025
524,Short,Green,22,723312A,160.35,03/10/2021 17:00,03/10/2021,17:00:00,,,,06/15/2024,03/15/2025
340,Long,Pink,43,723313A,160.37,03/09/2021 17:00,03/09/2021,17:00:00,,,,06/15/2024,03/15/2025
618,N/A,Blue,7,723314A,160.39,03/09/2022 16:45,03/09/2022,16:45:00,,,,06/15/2024,03/15/2025
362,Medium,Pink,33,723315A,160.41,03/09/2022 10:05,03/09/2022,10:05:00,,,,06/15/2024,03/15/2025
408,Short,Purple,9,723316A,160.43,03/11/2021 17:00,03/11/2021,17:00:00,,,,06/15/2024,03/15/2025
225,Long,Orange,71,723317A,160.45,03/08/2022 11:55,03/08/2022,11:55:00,,,,06/15/2024,03/15/2025
418,Short,Orange,63,723318A,160.47,03/11/2021 05:00,03/11/2021,05:00:00,,,,06/15/2024,03/15/2025
521,Short,Red,18,723319A,160.49,03/10/2021 17:00,03/10/2021,17:00:00,,,,06/15/2024,03/15/2025
410,Short,Purple,11,723320A,160.51,03/08/2022 11:03,03/08/2022,11:03:00,,,,06/15/2024,03/15/2025
514,Medium,Red,98,723321A,160.53,03/09/2021 17:00,03/09/2021,17:00:00,,,,06/15/2024,03/15/2025
631,N/A,Purple,18,723322A,160.55,03/08/2022 12:22,03/08/2022,12:22:00,,,,06/15/2024,03/15/2025
355,Medium,Pink,46,723325A,160.57,03/08/2021 17:00,03/08/2021,17:00:00,,,,06/15/2024,03/15/2025
341,Medium,Green,42,723326A,160.59,03/14/2021 17:00,03/14/2021,17:00:00,,,,06/15/2024,03/15/2025
314,Long,Light Blue,5,723327A,160.61,12/07/2021 11:28,12/07/2021,11:28:00,,,,06/15/2024,03/15/2025
255,Long,Yellow,24,723569A,162.178,03/08/2021 13:00,03/08/2021,13:00:00,,,,10/07/2022,03/01/2023
242,Long,Yellow,49,723570A,162.332,03/08/2022 16:20,03/08/2022,16:20:00,,,,10/07/2022,03/01/2023
601,N/A,Yellow,70,727819A,160,03/10/2022 10:00,03/09/2022,10:00:00,,,,06/15/2025,03/15/2026
629,N/A,Yellow,52,727820A,160.01,03/09/2022 16:40,03/09/2022,16:40:00,,,,06/15/2025,03/15/2026
605,N/A,Blue,1,727821A,160.03,03/10/2022 08:25,03/09/2022,08:25:00,,,,06/15/2025,03/15/2026
607,N/A,Light Blue,25,727822A,160.1,03/09/2022 12:03,03/09/2022,12:03:00,,,,06/15/2025,03/15/2026
630,N/A,Red,41,727823A,160.15,03/09/2022 10:28,03/09/2022,10:28:00,,,,06/15/2025,03/15/2026
610,N/A,Green,41,727824A,160.23,03/08/2022 10:49,03/08/2022,10:49:00,,,,06/15/2025,03/15/2026
606,N/A,Blue,63,727825A,160.27,03/09/2022 11:05,03/09/2022,11:05:00,,,,06/15/2025,03/15/2026
460,Long,Yellow,23,727826A,160.3,03/09/2022 14:18,03/09/2022,14:18:00,,,,06/15/2025,03/15/2026
612,N/A,Orange,68,727875A,159.25,03/10/2022 08:15,03/09/2022,08:15:00,,,,06/15/2025,03/15/2026
616,N/A,Orange,59,727899A,159.44,03/10/2022 09:41,03/09/2022,09:41:00,,,,06/15/2025,03/15/2026
613,N/A,Orange,59,727915A,159.62,03/10/2022 10:00,03/09/2022,10:00:00,04/16/2022 03:00,04/16/2022,03:00:00,06/15/2025,03/15/2026
603,N/A,Red,49,728181A,160.34,03/09/2022 10:48,03/09/2022,10:48:00,,,,06/15/2025,03/15/2026
662,N/A,N/A,N/A,728183A,160.64,03/09/2022 12:25,03/09/2022,12:25:00,04/02/2022 03:12,04/02/2022,03:12:00,06/15/2025,03/15/2026
625,N/A,Yellow,79,728184A,160.66,03/09/2022 10:10,03/09/2022,10:10:00,,,,06/15/2025,03/15/2026
657,N/A,N/A,N/A,728186A,160.69,03/09/2022 15:25,03/09/2022,15:25:00,,,,06/15/2025,03/15/2026
652,N/A,Yellow,17,728187A,160.7,03/09/2022 14:20,03/09/2022,14:20:00,,,,06/15/2025,03/15/2026
653,N/A,Orange,68,728188A,160.72,03/10/2022 08:10,03/09/2022,08:10:00,,,,06/15/2025,03/15/2026
617,N/A,Purple,7,728197A,160.73,03/09/2022 13:00,03/09/2022,13:00:00,,,,06/15/2025,03/15/2026
431,Short,White,7,728198A,160.74,03/10/2022 08:10,03/10/2022,08:10:00,,,,06/15/2025,03/15/2026
470,Short,Red,14,728199A,160.75,03/09/2022 17:40,03/09/2022,17:40:00,,,,06/15/2025,03/15/2026
608,N/A,Red,23,728200A,160.79,03/09/2022 12:04,03/09/2022,12:04:00,,,,06/15/2025,03/15/2026
621,N/A,Orange,74,728202A,160.84,03/09/2022 11:50,03/09/2022,11:50:00,,,,06/15/2025,03/15/2026
360,Medium,Green,44,728203A,160.93,03/10/2022 10:38,03/10/2022,10:38:00,,,,06/15/2025,03/15/2026
656,N/A,N/A,N/A,728204A,160.95,03/09/2022 15:30,03/09/2022,15:30:00,,,,06/15/2025,03/15/2026
416,Short,Purple,17,728213A,160.98,03/09/2022 15:29,03/09/2022,15:29:00,,,,06/15/2025,03/15/2026
651,N/A,N/A,N/A,728214A,161.07,03/09/2022 16:18,03/09/2022,16:18:00,,,,06/15/2025,03/15/2026
658,N/A,Purple,15,728215A,161.16,03/09/2022 14:30,03/09/2022,14:30:00,,,,06/15/2025,03/15/2026
611,N/A,Light Blue,19,728216A,161.18,03/09/2022 12:55,03/09/2022,12:55:00,,,,06/15/2025,03/15/2026
620,N/A,Red,34,728217A,161.2,03/09/2022 12:30,03/09/2022,12:30:00,,,,06/15/2025,03/15/2026
628,N/A,Pink,50,728218A,161.32,03/09/2022 12:48,03/09/2022,12:48:00,,,,06/15/2025,03/15/2026
666,N/A,Green,18,728219A,161.46,03/09/2022 17:05,03/09/2022,17:05:00,,,,06/15/2025,03/15/2026
626,N/A,Purple,10,728220A,161.48,03/09/2022 11:05,03/09/2022,11:05:00,,,,06/15/2025,03/15/2026
473,Medium,Green,2,728221A,161.5,03/09/2022 14:49,03/09/2022,14:49:00,,,,06/15/2025,03/15/2026
401,Short,Purple,3,728222A,161.54,03/09/2022 17:05,03/09/2022,17:05:00,,,,06/15/2025,03/15/2026
623,N/A,Red,29,728223A,161.59,03/09/2022 11:30,03/09/2022,11:30:00,,,,06/15/2025,03/15/2026
614,N/A,Green,4,728224A,161.71,03/10/2022 08:24,03/09/2022,08:24:00,,,,06/15/2025,03/15/2026
627,N/A,Red,35,728225A,161.75,03/09/2022 11:53,03/09/2022,11:53:00,,,,06/15/2025,03/15/2026
407,Short,Purple,8,728226A,161.83,03/10/2022 08:30,03/10/2022,08:30:00,,,,06/15/2025,03/15/2026
528,Short,Red,19,728227A,162,03/10/2022 10:10,03/10/2022,10:10:00,04/19/2022 11:10,04/19/2022,11:10:00,06/15/2025,03/15/2026
609,N/A,Blue,2,728228A,162.01,03/10/2022 17:17,03/09/2022,17:17:00,,,,06/15/2025,03/15/2026
