Year,AID,MigratoryStrategy,SpringMS,SpringMSDate,SpringMSTime,SpringME,SpringMEDate,SpringMETime,FallMS,FallMSDate,FallMSTime,FallME,FallMEDate,FallMETime,Notes
2014,108,Long,4/20/2014 1:57,4/20/2014,1:57:00,5/24/2014 8:56,5/24/2014,8:56:00,9/27/2014 4:59,9/27/2014,4:59:00,10/30/2014 7:57,10/30/2014,7:57:00,
2014,113,N/A,N/A,N/A,N/A,N/A,N/A,N/A,N/A,N/A,N/A,N/A,N/A,N/A,Died on 4/6/2014
2014,114,N/A,N/A,N/A,N/A,N/A,N/A,N/A,N/A,N/A,N/A,N/A,N/A,N/A,Died on 4/22/2014
2014,115,Short,N/A,N/A,N/A,N/A,N/A,N/A,N/A,N/A,N/A,N/A,N/A,N/A,Resident year-round in Red Desert; no migration data
2014,116,Long,4/22/2014 5:00,4/22/2014,5:00:00,5/24/2014 21:03,5/24/2014,21:03:00,10/18/2014 3:01,10/18/2014,3:01:00,N/A,N/A,N/A,Collar failed on 12/9/2014 while Deer 116 was still migrating
2014,117,Long,4/22/2014 5:04,4/22/2014,5:04:00,5/28/2014 7:04,5/28/2014,7:04:00,10/1/2014 4:05,10/1/2014,4:05:00,10/20/2014 14:03,10/20/2014,14:03:00,
2014,120,Medium,5/2/2014 3:02,5/2/2014,3:02:00,5/5/2014 7:02,5/5/2014,7:02:00,9/24/2014 4:02,9/24/2014,4:02:00,9/27/2014 6:02,9/27/2014,6:02:00,
2014,121,Long,4/29/2014 14:04,4/29/2014,14:04:00,5/21/2014 19:03,5/21/2014,19:03:00,N/A,N/A,N/A,N/A,N/A,N/A,Collar failed on 8/31/2014
2014,123,Medium,4/12/2014 23:06,4/12/2014,23:06:00,5/18/2014 21:07,5/18/2014,21:07:00,10/10/2014 23:05,10/10/2014,23:05:00,10/19/2014 3:05,10/19/2014,3:05:00,
2014,124,Medium,5/2/2014 2:02,5/2/2014,2:02:00,5/16/2014 10:00,5/16/2014,10:00:00,11/1/2014 6:01,11/1/2014,6:01:00,11/14/2014 19:01,11/14/2014,19:01:00,
2014,127,Long,5/2/2014 3:05,5/2/2014,3:05:00,5/25/2014 10:02,5/25/2014,10:02:00,10/13/2014 3:03,10/13/2014,3:03:00,11/28/2014 16:04,11/28/2014,16:04:00,
2014,128,Medium,5/1/2014 1:58,5/1/2014,1:58:00,5/4/2014 23:56,5/4/2014,23:56:00,N/A,N/A,N/A,N/A,N/A,N/A,Collar failed on 8/31/2014
2014,129,Long,N/A,N/A,N/A,N/A,N/A,N/A,N/A,N/A,N/A,N/A,N/A,N/A,GPS fixes missing and irregular; unable to accurately extract migration data
2014,130,N/A,N/A,N/A,N/A,N/A,N/A,N/A,N/A,N/A,N/A,N/A,N/A,N/A,Collar failed on 6/9/2014; GPS fixes missing and irregular; unable to accurately extract migration data
2015,115,Short,N/A,N/A,N/A,N/A,N/A,N/A,N/A,N/A,N/A,N/A,N/A,N/A,Resident year-round in Red Desert; no migration data
2015,127,Long,4/22/2015 2:00,4/22/2015,2:00:00,5/27/2015 16:00,5/27/2015,16:00:00,10/27/2015 8:00,10/27/2015,8:00:00,N/A,N/A,N/A,Collar failed on 11/16/2015 while Deer 127 was migrating
2015,227,Medium,5/17/2015 6:59,5/17/2015,6:59:00,5/18/2015 22:00,5/18/2015,22:00:00,10/11/2015 2:57,10/11/2015,2:57:00,10/13/2015 10:57,10/13/2015,10:57:00,
2015,234,Short,N/A,N/A,N/A,N/A,N/A,N/A,N/A,N/A,N/A,N/A,N/A,N/A,Resident year-round in Red Desert; no migration data
2015,244,Medium,5/18/2015 3:57,5/18/2015,3:57:00,6/12/2015 21:59,6/12/2015,21:59:00,N/A,N/A,N/A,N/A,N/A,N/A,Has two different summer ranges; collar failed on 7/25/2015
2016,108,Long,N/A,N/A,N/A,5/13/2016 1:00,5/13/2016,1:00:00,10/3/2016 5:00,10/3/2016,5:00:00,10/28/2016 1:00,10/28/2016,1:00:00,Was recaptured in the Prospects in March 2016; unsure of whether she was in the Red Desert or the Prospects for the previous winter
2016,112,Long,5/10/2016 11:00,5/10/2016,11:00:00,6/5/2016 9:00,6/5/2016,9:00:00,N/A,N/A,N/A,N/A,N/A,N/A,Collar failed on 7/25/2016
2016,116,Long,N/A,N/A,N/A,N/A,N/A,N/A,N/A,N/A,N/A,N/A,N/A,N/A,Collar fell off deer on 5/14/2016; no migration data
2016,117,Long,4/2/2016 3:00,4/2/2016,3:00:00,5/25/2016 19:00,5/25/2016,19:00:00,10/3/2016 3:00,10/3/2016,3:00:00,10/21/2016 17:00,10/21/2016,17:00:00,
2016,119,Long,N/A,N/A,N/A,4/26/2016 7:00,4/26/2016,7:00:00,10/4/2016 7:00,10/4/2016,7:00:00,12/24/2016 11:00,12/24/2016,11:00:00,Was recaptured in the Prospects in March 2016; unsure of whether she was in the Red Desert or the Prospects for the previous winter
2016,120,Medium,5/27/2016 3:00,5/27/2016,3:00:00,5/30/2016 3:00,5/30/2016,3:00:00,9/16/2016 5:00,9/16/2016,5:00:00,9/19/2016 13:00,9/19/2016,13:00:00,
2016,121,Long,4/12/2016 3:00,4/12/2016,3:00:00,5/7/2016 19:00,5/7/2016,19:00:00,10/5/2016 1:00,10/5/2016,1:00:00,12/4/2016 7:00,12/4/2016,7:00:00,
2016,123,Medium,5/6/2016 5:00,5/6/2016,5:00:00,N/A,N/A,N/A,N/A,N/A,N/A,N/A,N/A,N/A,Collar failed on 6/3/2016
2016,124,Medium,5/14/2016 5:00,5/14/2016,5:00:00,5/25/2016 7:00,5/25/2016,7:00:00,10/15/2016 1:00,10/15/2016,1:00:00,10/22/2016 17:00,10/22/2016,17:00:00,
2016,127,Long,5/31/2016 4:00,5/31/2016,4:00:00,7/17/2016 4:00,7/17/2016,4:00:00,10/17/2016 6:00,10/17/2016,6:00:00,12/1/2016 10:00,12/1/2016,10:00:00,
2016,128,Medium,N/A,N/A,N/A,N/A,N/A,N/A,N/A,N/A,N/A,N/A,N/A,N/A,Mortality on 3/22/2016
2016,129,Long,5/14/2016 11:00,5/14/2016,11:00:00,6/10/2016 21:00,6/10/2016,21:00:00,10/2/2016 3:00,10/2/2016,3:00:00,12/18/2016 17:00,12/18/2016,17:00:00,
2016,219,Long,5/22/2016 3:00,5/22/2016,3:00:00,6/6/2016 5:00,6/6/2016,5:00:00,11/21/2016 13:00,11/21/2016,13:00:00,12/20/2016 23:00,12/20/2016,23:00:00,
2016,221,Medium,5/12/2016 17:00,5/12/2016,17:00:00,6/6/2016 13:00,6/6/2016,13:00:00,11/12/2016 23:00,11/12/2016,23:00:00,11/24/2016 23:00,11/24/2016,23:00:00,
2016,225,Long,3/12/2016 21:00,3/12/2016,21:00:00,5/7/2016 5:00,5/7/2016,5:00:00,10/15/2016 21:00,10/15/2016,21:00:00,11/23/2016 7:00,11/23/2016,7:00:00,
2016,227,Medium,5/20/2016 5:00,5/20/2016,5:00:00,5/21/2016 17:00,5/21/2016,17:00:00,9/29/2016 15:00,9/29/2016,15:00:00,10/2/2016 7:00,10/2/2016,7:00:00,
2016,230,Medium,5/26/2016 20:00,5/26/2016,20:00:00,6/1/2016 12:00,6/1/2016,12:00:00,10/3/2016 8:00,10/3/2016,8:00:00,10/8/2016 18:00,10/8/2016,18:00:00,
2016,231,N/A,N/A,N/A,N/A,N/A,N/A,N/A,N/A,N/A,N/A,N/A,N/A,N/A,Died on 3/23/2016
2016,233,Long,5/18/2016 9:00,5/18/2016,9:00:00,6/8/2016 21:00,6/8/2016,21:00:00,N/A,N/A,N/A,N/A,N/A,N/A,Collar failed on 9/24/2016
2016,234,Short,N/A,N/A,N/A,N/A,N/A,N/A,N/A,N/A,N/A,N/A,N/A,N/A,Resident year-round; no migration data
2016,235,Long,5/14/2016 1:00,5/14/2016,1:00:00,6/30/2016 7:00,6/30/2016,7:00:00,10/3/2016 19:00,10/3/2016,19:00:00,11/30/2016 11:00,11/30/2016,11:00:00,
2016,239,Medium,5/12/2016 1:00,5/12/2016,1:00:00,5/24/2016 21:00,5/24/2016,21:00:00,N/A,N/A,N/A,N/A,N/A,N/A,Collar failed on 5/31/2016
2016,240,N/A,N/A,N/A,N/A,6/4/2016 19:00,6/4/2016,19:00:00,10/8/2016 3:00,10/8/2016,3:00:00,N/A,N/A,N/A,Captured near Pinedale in March 2016; collar failed on 10/17/2016
2016,241,Medium,5/15/2016 5:00,5/15/2016,5:00:00,5/21/2016 21:00,5/21/2016,21:00:00,10/3/2016 5:00,10/3/2016,5:00:00,10/9/2016 11:00,10/9/2016,11:00:00,
2016,244,Medium,5/29/2016 23:00,5/29/2016,23:00:00,6/19/2016 17:00,6/19/2016,17:00:00,9/23/2016 11:00,9/23/2016,11:00:00,10/19/2016 17:00,10/19/2016,17:00:00,
2016,248,Long,3/15/2016 1:00,3/15/2016,1:00:00,5/8/2016 11:00,5/8/2016,11:00:00,10/5/2016 5:00,10/5/2016,5:00:00,12/4/2016 23:00,12/4/2016,23:00:00,
2016,249,Medium,4/3/2016 3:00,4/3/2016,3:00:00,5/15/2016 3:00,5/15/2016,3:00:00,10/2/2016 15:00,10/2/2016,15:00:00,10/7/2016 9:00,10/7/2016,9:00:00,
2016,251,Long,4/9/2016 9:00,4/9/2016,9:00:00,5/12/2016 1:00,5/12/2016,1:00:00,10/5/2016 1:00,10/5/2016,1:00:00,N/A,N/A,N/A,Collar failed on 10/14/2016
2016,252,Medium,5/20/2016 7:00,5/20/2016,7:00:00,5/28/2016 7:00,5/28/2016,7:00:00,10/12/2016 5:00,10/12/2016,5:00:00,10/15/2016 19:00,10/15/2016,19:00:00,
2016,253,N/A,N/A,N/A,N/A,N/A,N/A,N/A,N/A,N/A,N/A,N/A,N/A,N/A,Died on 3/15/2016
2016,254,Long,4/2/2016 1:00,4/2/2016,1:00:00,5/15/2016 19:00,5/15/2016,19:00:00,10/4/2016 1:00,10/4/2016,1:00:00,12/4/2016 19:00,12/4/2016,19:00:00,
2016,255,Long,3/21/2016 7:00,3/21/2016,7:00:00,6/16/2016 9:00,6/16/2016,9:00:00,N/A,N/A,N/A,N/A,N/A,N/A,"Migrated to Island Park, ID; collar failed on 8/7/2016"
2016,256,Medium,5/19/2016 1:00,5/19/2016,1:00:00,6/11/2016 5:00,6/11/2016,5:00:00,9/25/2016 5:00,9/25/2016,5:00:00,10/11/2016 1:00,10/11/2016,1:00:00,
2016,257,Long,4/5/2016 5:00,4/5/2016,5:00:00,5/13/2016 19:00,5/13/2016,19:00:00,10/6/2016 9:00,10/6/2016,9:00:00,12/26/2016 9:00,12/26/2016,9:00:00,Immediately went to Table Mountain after March captures
2016,258,Long,5/5/2016 23:00,5/5/2016,23:00:00,5/28/2016 11:00,5/28/2016,11:00:00,N/A,N/A,N/A,N/A,N/A,N/A,Died on 9/30/2016; immediately went to Table Mountain after March captures
2016,259,Long,5/13/2016 15:00,5/13/2016,15:00:00,6/6/2016 9:00,6/6/2016,9:00:00,N/A,N/A,N/A,N/A,N/A,N/A,Collar failed on 10/1/2016
2016,260,Long,4/6/2016 11:00,4/6/2016,11:00:00,6/22/2016 17:00,6/22/2016,17:00:00,10/3/2016 3:00,10/3/2016,3:00:00,10/20/2016 5:00,10/20/2016,5:00:00,Migrated to La Barge and then moved north to Hoback Basin
2016,261,N/A,5/11/2016 23:00,5/11/2016,23:00:00,N/A,N/A,N/A,N/A,N/A,N/A,N/A,N/A,N/A,Died on 5/23/2016
2016,262,N/A,N/A,N/A,N/A,N/A,N/A,N/A,12/24/2016 21:00,12/24/2016,21:00:00,1/3/2017 1:00,1/3/2017,1:00:00,Remained in the Prospects all year but migrated to Red Desert in the fall of 2016
2016,263,Long,4/6/2016 11:00,4/6/2016,11:00:00,6/8/2016 21:00,6/8/2016,21:00:00,10/3/2016 7:00,10/3/2016,7:00:00,N/A,N/A,N/A,Collar failed on 10/18/2016 while Deer 263 was migrating
2016,264,Short,5/15/2016 19:00,5/15/2016,19:00:00,5/16/2016 17:00,5/16/2016,17:00:00,11/12/2016 1:00,11/12/2016,1:00:00,11/12/2016 9:00,11/12/2016,9:00:00,
2017,108,Long,5/4/2017 5:00,5/4/2017,5:00:00,5/25/2017 1:00,5/25/2017,1:00:00,9/29/2017 3:00,9/29/2017,3:00:00,11/11/2017 23:00,11/11/2017,23:00:00,
2017,117,Long,N/A,N/A,N/A,N/A,N/A,N/A,N/A,N/A,N/A,N/A,N/A,N/A,Died on 1/28/2017
2017,119,Long,4/22/2017 13:00,4/22/2017,13:00:00,N/A,N/A,N/A,N/A,N/A,N/A,N/A,N/A,N/A,Collar failed on 5/17/2017
2017,121,Long,5/1/2017 5:00,5/1/2017,5:00:00,N/A,N/A,N/A,N/A,N/A,N/A,N/A,N/A,N/A,Died on 5/26/2017
2017,124,Medium,5/10/2017 1:00,5/10/2017,1:00:00,5/22/2017 13:00,5/22/2017,13:00:00,10/21/2017 5:00,10/21/2017,5:00:00,10/30/2017 19:00,10/30/2017,19:00:00,
2017,129,Long,4/25/2017 3:00,4/25/2017,3:00:00,6/1/2017 15:00,6/1/2017,15:00:00,10/13/2017 5:00,10/13/2017,5:00:00,12/26/2017 19:00,12/26/2017,19:00:00,
2017,219,Long,5/6/2017 19:00,5/6/2017,19:00:00,5/22/2017 7:00,5/22/2017,7:00:00,11/17/2017 15:00,11/17/2017,15:00:00,12/26/2017 15:00,12/26/2017,15:00:00,
2017,221,Medium,5/8/2017 3:00,5/8/2017,3:00:00,5/31/2017 17:00,5/31/2017,17:00:00,N/A,N/A,N/A,N/A,N/A,N/A,Never returned to Red Desert; remained in Red Canyon for the winter
2017,225,Long,4/10/2017 11:00,4/10/2017,11:00:00,5/15/2017 1:00,5/15/2017,1:00:00,11/2/2017 1:00,11/2/2017,1:00:00,11/23/2017 17:00,11/23/2017,17:00:00,
2017,227,Medium,N/A,N/A,N/A,N/A,N/A,N/A,N/A,N/A,N/A,N/A,N/A,N/A,Collar failed on 4/9/2017
2017,230,Medium,5/15/2017 1:00,5/15/2017,1:00:00,5/21/2017 23:00,5/21/2017,23:00:00,10/5/2017 17:00,10/5/2017,17:00:00,10/12/2017 9:00,10/12/2017,9:00:00,
2017,233,Long,5/3/2017 9:00,5/3/2017,9:00:00,5/30/2017 5:00,5/30/2017,5:00:00,10/2/2017 5:00,10/2/2017,5:00:00,12/23/2017 3:00,12/23/2017,3:00:00,
2017,234,Short,N/A,N/A,N/A,N/A,N/A,N/A,N/A,N/A,N/A,N/A,N/A,N/A,Resident; died in winter 2017; no migration data
2017,235,Long,5/2/2017 21:00,5/2/2017,21:00:00,6/5/2017 23:00,6/5/2017,23:00:00,10/21/2017 21:00,10/21/2017,21:00:00,11/23/2017 15:00,11/23/2017,15:00:00,
2017,239,Medium,4/30/2017 23:00,4/30/2017,23:00:00,5/9/2017 23:00,5/9/2017,23:00:00,10/8/2017 11:00,10/8/2017,11:00:00,10/13/2017 9:00,10/13/2017,9:00:00,
2017,241,Medium,5/8/2017 7:00,5/8/2017,7:00:00,5/16/2017 5:00,5/16/2017,5:00:00,10/8/2017 5:00,10/8/2017,5:00:00,10/12/2017 19:00,10/12/2017,19:00:00,
2017,244,Medium,5/31/2017 3:00,5/31/2017,3:00:00,7/2/2017 11:00,7/2/2017,11:00:00,9/29/2017 1:00,9/29/2017,1:00:00,10/17/2017 3:00,10/17/2017,3:00:00,
2017,248,Long,N/A,N/A,N/A,N/A,N/A,N/A,N/A,N/A,N/A,N/A,N/A,N/A,Died on 2/25/2017
2017,249,Medium,N/A,N/A,N/A,N/A,N/A,N/A,N/A,N/A,N/A,N/A,N/A,N/A,Died on 4/13/2017
2017,251,Long,4/9/2017 15:00,4/9/2017,15:00:00,6/2/2017 7:00,6/2/2017,7:00:00,10/3/2017 5:00,10/3/2017,5:00:00,10/21/2017 1:00,10/21/2017,1:00:00,
2017,252,Medium,5/5/2017 21:00,5/5/2017,21:00:00,5/14/2017 7:00,5/14/2017,7:00:00,12/6/2017 13:00,12/6/2017,13:00:00,12/12/2017 11:00,12/12/2017,11:00:00,
2017,254,Long,4/15/2017 5:00,4/15/2017,5:00:00,5/16/2017 19:00,5/16/2017,19:00:00,10/9/2017 19:00,10/9/2017,19:00:00,12/25/2017 1:00,12/25/2017,1:00:00,
2017,256,Medium,5/4/2017 19:00,5/4/2017,19:00:00,6/26/2017 15:00,6/26/2017,15:00:00,N/A,N/A,N/A,N/A,N/A,N/A,"Moved to Bluff Creek, SE of Lander - left summer range on 9/27/2017 and arrived on new winter range on 10/15/2017"
2017,257,Long,4/15/2017 9:00,4/15/2017,9:00:00,5/23/2017 21:00,5/23/2017,21:00:00,10/21/2017 9:00,10/21/2017,9:00:00,12/21/2017 9:00,12/21/2017,9:00:00,
2017,260,Long,4/11/2017 7:00,4/11/2017,7:00:00,6/14/2017 9:00,6/14/2017,9:00:00,11/5/2017 1:00,11/5/2017,1:00:00,12/3/2017 9:00,12/3/2017,9:00:00,
2017,262,N/A,N/A,N/A,N/A,N/A,N/A,N/A,N/A,N/A,N/A,N/A,N/A,N/A,Collar failed on 5/5/2017
2017,264,Short,5/30/2017 3:00,5/30/2017,3:00:00,6/3/2017 5:00,6/3/2017,5:00:00,N/A,N/A,N/A,N/A,N/A,N/A,Died on 8/28/2017
2017,266,N/A,N/A,N/A,N/A,N/A,N/A,N/A,N/A,N/A,N/A,N/A,N/A,N/A,Collar failed on 4/14/2017
2017,268,Short,5/1/2017 3:00,5/1/2017,3:00:00,5/3/2017 1:00,5/3/2017,1:00:00,10/10/2017 5:00,10/10/2017,5:00:00,10/12/2017 19:00,10/12/2017,19:00:00,
2017,270,N/A,N/A,N/A,N/A,N/A,N/A,N/A,N/A,N/A,N/A,N/A,N/A,N/A,Died on 3/15/2017
2017,272,N/A,N/A,N/A,N/A,N/A,N/A,N/A,N/A,N/A,N/A,N/A,N/A,N/A,Collar failed on 2/16/2017
2017,274,Medium,5/15/2017 1:00,5/15/2017,1:00:00,5/26/2017 5:00,5/26/2017,5:00:00,9/28/2017 1:00,9/28/2017,1:00:00,10/4/2017 7:00,10/4/2017,7:00:00,
2017,276,Medium,5/8/2017 3:00,5/8/2017,3:00:00,5/11/2017 5:00,5/11/2017,5:00:00,9/19/2017 15:00,9/19/2017,15:00:00,9/24/2017 21:00,9/24/2017,21:00:00,
2017,277,Short,N/A,N/A,N/A,N/A,N/A,N/A,N/A,N/A,N/A,N/A,N/A,N/A,Resident; no migration data
2017,278,Long,4/7/2017 5:00,4/7/2017,5:00:00,5/23/2017 11:00,5/23/2017,11:00:00,10/9/2017 15:00,10/9/2017,15:00:00,11/25/2017 5:00,11/25/2017,5:00:00,
2017,279,Long,4/23/2017 11:00,4/23/2017,11:00:00,5/25/2017 1:00,5/25/2017,1:00:00,10/22/2017 11:00,10/22/2017,11:00:00,12/30/2017 19:00,12/30/2017,19:00:00,
2017,280,Short,N/A,N/A,N/A,N/A,N/A,N/A,N/A,N/A,N/A,N/A,N/A,N/A,Resident; no migration data
2017,281,Medium,5/2/2017 7:00,5/2/2017,7:00:00,5/5/2017 19:00,5/5/2017,19:00:00,10/11/2017 7:00,10/11/2017,7:00:00,10/13/2017 23:00,10/13/2017,23:00:00,
2017,282,Long,4/19/2017 17:00,4/19/2017,17:00:00,6/20/2017 21:00,6/20/2017,21:00:00,10/9/2017 23:00,10/9/2017,23:00:00,12/25/2017 9:00,12/25/2017,9:00:00,
2017,283,Medium,5/11/2017 3:00,5/11/2017,3:00:00,5/14/2017 21:00,5/14/2017,21:00:00,10/5/2017 7:00,10/5/2017,7:00:00,10/9/2017 21:00,10/9/2017,21:00:00,
2017,284,Medium,5/5/2017 19:00,5/5/2017,19:00:00,6/20/2017 21:00,6/20/2017,21:00:00,N/A,N/A,N/A,N/A,N/A,N/A,"Spent the winter near Boulder, WY; never returned to the Red Desert"
2017,285,Long,5/7/2017 21:00,5/7/2017,21:00:00,5/24/2017 13:00,5/24/2017,13:00:00,10/3/2017 13:00,10/3/2017,13:00:00,1/24/2018 23:00,1/24/2018,23:00:00,
2017,286,Long,3/18/2017 13:00,3/18/2017,13:00:00,5/30/2017 11:00,5/30/2017,11:00:00,10/2/2017 7:00,10/2/2017,7:00:00,10/22/2017 1:00,10/22/2017,1:00:00,
2017,287,Long,5/14/2017 5:00,5/14/2017,5:00:00,7/18/2017 13:00,7/18/2017,13:00:00,9/16/2017 9:00,9/16/2017,9:00:00,10/17/2017 11:00,10/17/2017,11:00:00,
2017,288,N/A,N/A,N/A,N/A,N/A,N/A,N/A,N/A,N/A,N/A,N/A,N/A,N/A,Died on 3/16/2017
2017,289,Medium,4/17/2017 3:00,4/17/2017,3:00:00,5/14/2017 15:00,5/14/2017,15:00:00,10/17/2017 15:00,10/17/2017,15:00:00,10/27/2017 15:00,10/27/2017,15:00:00,
2017,290,Long,5/3/2017 5:00,5/3/2017,5:00:00,5/26/2017 19:00,5/26/2017,19:00:00,10/21/2017 5:00,10/21/2017,5:00:00,11/7/2017 9:00,11/7/2017,9:00:00,
2017,291,Long,5/3/2017 5:00,5/3/2017,5:00:00,6/10/2017 13:00,6/10/2017,13:00:00,10/21/2017 1:00,10/21/2017,1:00:00,11/2/2017 17:00,11/2/2017,17:00:00,Remained in the Prospects for the winter of 2017-18
2017,292,Long,3/16/2017 5:00,3/16/2017,5:00:00,7/6/2017 11:00,7/6/2017,11:00:00,9/15/2017 21:00,9/15/2017,21:00:00,10/17/2017 3:00,10/17/2017,3:00:00,
2017,293,Long,5/11/2017 3:00,5/11/2017,3:00:00,5/30/2017 15:00,5/30/2017,15:00:00,10/4/2017 3:00,10/4/2017,3:00:00,10/20/2017 9:00,10/20/2017,9:00:00,
2017,294,Medium,5/4/2017 19:00,5/4/2017,19:00:00,5/16/2017 13:00,5/16/2017,13:00:00,10/9/2017 7:00,10/9/2017,7:00:00,10/18/2017 19:00,10/18/2017,19:00:00,
2017,295,Medium,5/1/2017 3:00,5/1/2017,3:00:00,5/8/2017 13:00,5/8/2017,13:00:00,10/11/2017 7:00,10/11/2017,7:00:00,10/13/2017 19:00,10/13/2017,19:00:00,
2017,296,Medium,5/3/2017 5:00,5/3/2017,5:00:00,5/11/2017 21:00,5/11/2017,21:00:00,10/24/2017 13:00,10/24/2017,13:00:00,11/1/2017 5:00,11/1/2017,5:00:00,
2017,297,Medium,4/10/2017 21:00,4/10/2017,21:00:00,7/3/2017 15:00,7/3/2017,15:00:00,10/22/2017 9:00,10/22/2017,9:00:00,10/23/2017 13:00,10/23/2017,13:00:00,"Spent the winter south of Sinks Canyon Road, near Lander; died on 1/28/18"
2017,298,Long,3/28/2017 23:00,3/28/2017,23:00:00,6/13/2017 9:00,6/13/2017,9:00:00,10/6/2017 7:00,10/6/2017,7:00:00,1/22/2018 1:00,1/22/2018,1:00:00,
2017,299,Long,5/2/2017 23:00,5/2/2017,23:00:00,5/24/2017 3:00,5/24/2017,3:00:00,10/18/2017 7:00,10/18/2017,7:00:00,12/8/2017 7:00,12/8/2017,7:00:00,
2017,300,Long,3/28/2017 11:00,3/28/2017,11:00:00,6/20/2017 13:00,6/20/2017,13:00:00,10/8/2017 1:00,10/8/2017,1:00:00,12/15/2017 21:00,12/15/2017,21:00:00,
2017,301,N/A,4/19/2017 17:00,4/19/2017,17:00:00,N/A,N/A,N/A,N/A,N/A,N/A,N/A,N/A,N/A,Died on 5/13/2017
2017,302,Long,4/25/2017 3:00,4/25/2017,3:00:00,6/8/2017 7:00,6/8/2017,7:00:00,9/25/2017 9:00,9/25/2017,9:00:00,11/29/2017 1:00,11/29/2017,1:00:00,
2017,303,Long,5/8/2017 19:00,5/8/2017,19:00:00,6/15/2017 19:00,6/15/2017,19:00:00,10/31/2017 7:00,10/31/2017,7:00:00,3/17/2018 17:00,3/17/2018,17:00:00,
2017,304,Long,3/15/2017 7:00,3/15/2017,7:00:00,5/23/2017 13:00,5/23/2017,13:00:00,10/22/2017 21:00,10/22/2017,21:00:00,11/9/2017 1:00,11/9/2017,1:00:00,
2017,305,Long,3/15/2017 7:00,3/15/2017,7:00:00,6/9/2017 15:00,6/9/2017,15:00:00,10/10/2017 1:00,10/10/2017,1:00:00,11/3/2017 1:00,11/3/2017,1:00:00,
2017,306,Long,3/16/2017 11:00,3/16/2017,11:00:00,5/17/2017 23:00,5/17/2017,23:00:00,10/4/2017 5:00,10/4/2017,5:00:00,10/17/2017 11:00,10/17/2017,11:00:00,Remained in the Prospects for the 2017-18 winter
2017,308,Long,5/2/2017 11:00,5/2/2017,11:00:00,5/22/2017 23:00,5/22/2017,23:00:00,9/23/2017 7:00,9/23/2017,7:00:00,N/A,N/A,N/A,Collar failed on 10/16/2017
2017,309,Long,5/5/2017 23:00,5/5/2017,23:00:00,5/29/2017 21:00,5/29/2017,21:00:00,10/21/2017 9:00,10/21/2017,9:00:00,12/13/2017 9:00,12/13/2017,9:00:00,
2017,310,Medium,5/5/2017 23:00,5/5/2017,23:00:00,5/14/2017 7:00,5/14/2017,7:00:00,12/6/2017 13:00,12/6/2017,13:00:00,12/10/2017 14:00,12/10/2017,14:00:00,
2017,311,Medium,5/8/2017 3:00,5/8/2017,3:00:00,5/11/2017 5:00,5/11/2017,5:00:00,9/20/2017 5:00,9/20/2017,5:00:00,9/24/2017 21:00,9/24/2017,21:00:00,
2017,312,Medium,5/3/2017 3:00,5/3/2017,3:00:00,5/7/2017 15:00,5/7/2017,15:00:00,10/2/2017 9:00,10/2/2017,9:00:00,10/7/2017 19:00,10/7/2017,19:00:00,
2017,313,Medium,4/27/2017 19:00,4/27/2017,19:00:00,6/20/2017 19:00,6/20/2017,19:00:00,9/18/2017 19:00,9/18/2017,19:00:00,12/16/2017 19:00,12/16/2017,19:00:00,
2017,314,Long,4/16/2017 5:00,4/16/2017,5:00:00,7/4/2017 5:00,7/4/2017,5:00:00,9/18/2017 13:00,9/18/2017,13:00:00,11/25/2017 1:00,11/25/2017,1:00:00,
2017,315,Medium,5/8/2017 7:00,5/8/2017,7:00:00,5/12/2017 11:00,5/12/2017,11:00:00,10/30/2017 1:00,10/30/2017,1:00:00,11/9/2017 17:00,11/9/2017,17:00:00,
2017,316,Long,4/17/2017 5:00,4/17/2017,5:00:00,5/11/2017 13:00,5/11/2017,13:00:00,10/9/2017 1:00,10/9/2017,1:00:00,11/11/2017 15:00,11/11/2017,15:00:00,
2017,317,Long,4/13/2017 1:00,4/13/2017,1:00:00,5/15/2017 17:00,5/15/2017,17:00:00,10/21/2017 1:00,10/21/2017,1:00:00,12/22/2017 17:00,12/22/2017,17:00:00,Remained in the Prospects for the 2017-18 winter
2017,318,Medium,5/11/2017 1:00,5/11/2017,1:00:00,5/13/2017 7:00,5/13/2017,7:00:00,10/11/2017 7:00,10/11/2017,7:00:00,10/12/2017 15:00,10/12/2017,15:00:00,
2017,319,Long,4/22/2017 21:00,4/22/2017,21:00:00,6/6/2017 9:00,6/6/2017,9:00:00,10/4/2017 1:00,10/4/2017,1:00:00,11/25/2017 21:00,11/25/2017,21:00:00,
2017,320,Long,4/26/2017 17:00,4/26/2017,17:00:00,8/5/2017 9:00,8/5/2017,9:00:00,10/29/2017 5:00,10/29/2017,5:00:00,11/11/2017 9:00,11/11/2017,9:00:00,Spent the winter near Dubois and then died on 11/29/2017
2017,321,Long,4/26/2017 9:00,4/26/2017,9:00:00,5/14/2017 21:00,5/14/2017,21:00:00,10/15/2017 9:00,10/15/2017,9:00:00,10/24/2017 9:00,10/24/2017,9:00:00,Remained in the Prospects for the 2017-18 winter
2017,322,Short,5/1/2017 3:00,5/1/2017,3:00:00,5/3/2017 1:00,5/3/2017,1:00:00,10/10/2017 5:00,10/10/2017,5:00:00,10/12/2017 19:00,10/12/2017,19:00:00,
2017,323,Long,3/24/2017 7:00,3/24/2017,7:00:00,6/6/2017 9:00,6/6/2017,9:00:00,11/3/2017 1:00,11/3/2017,1:00:00,12/30/2017 9:00,12/30/2017,9:00:00,
2017,324,Long,5/2/2017 21:00,5/2/2017,21:00:00,N/A,N/A,N/A,N/A,N/A,N/A,N/A,N/A,N/A,Collar failed on 7/7/2017
2017,325,N/A,N/A,N/A,N/A,N/A,N/A,N/A,N/A,N/A,N/A,N/A,N/A,N/A,Died on 3/15/2017
2017,326,Medium,5/4/2017 23:00,5/4/2017,23:00:00,5/10/2017 11:00,5/10/2017,11:00:00,10/3/2017 13:00,10/3/2017,13:00:00,10/6/2017 17:00,10/6/2017,17:00:00,
2017,327,Long,3/22/2017 5:00,3/22/2017,5:00:00,6/25/2017 17:00,6/25/2017,17:00:00,9/18/2017 5:00,9/18/2017,5:00:00,12/15/2017 17:00,12/15/2017,17:00:00,
2017,328,Medium,5/1/2017 3:00,5/1/2017,3:00:00,5/7/2017 11:00,5/7/2017,11:00:00,11/24/2017 11:00,11/24/2017,11:00:00,11/28/2017 13:00,11/28/2017,13:00:00,
2017,329,Short,4/17/2017 9:00,4/17/2017,9:00:00,5/13/2017 23:00,5/13/2017,23:00:00,N/A,N/A,N/A,N/A,N/A,N/A,Spent the winter on White Mountain
2017,330,Long,4/30/2017 5:00,4/30/2017,5:00:00,6/15/2017 19:00,6/15/2017,19:00:00,10/31/2017 1:00,10/31/2017,1:00:00,1/19/2018 1:00,1/19/2018,1:00:00,
2017,331,Long,3/16/2017 3:00,3/16/2017,3:00:00,5/11/2017 21:00,5/11/2017,21:00:00,10/14/2017 21:00,10/14/2017,21:00:00,11/6/2017 15:00,11/6/2017,15:00:00,
2017,332,Long,3/22/2017 9:00,3/22/2017,9:00:00,6/3/2017 7:00,6/3/2017,7:00:00,11/6/2017 1:00,11/6/2017,1:00:00,1/30/2018 9:00,1/30/2018,9:00:00,
2017,333,Long,5/3/2017 5:00,5/3/2017,5:00:00,6/8/2017 17:00,6/8/2017,17:00:00,10/20/2017 15:00,10/20/2017,15:00:00,11/3/2017 13:00,11/3/2017,13:00:00,Remained in the Prospects for the 2017-18 winter
2017,334,Long,5/7/2017 17:00,5/7/2017,17:00:00,6/1/2017 21:00,6/1/2017,21:00:00,10/10/2017 7:00,10/10/2017,7:00:00,12/31/2017 19:00,12/31/2017,19:00:00,
2017,335,N/A,N/A,N/A,N/A,N/A,N/A,N/A,N/A,N/A,N/A,N/A,N/A,N/A,Collar failed on 4/4/2017
2017,336,Long,3/17/2017 7:00,3/17/2017,7:00:00,5/28/2017 9:00,5/28/2017,9:00:00,10/30/2017 7:00,10/30/2017,7:00:00,12/27/2017 19:00,12/27/2017,19:00:00,
2017,337,Medium,5/1/2017 3:00,5/1/2017,3:00:00,5/5/2017 19:00,5/5/2017,19:00:00,10/8/2017 7:00,10/8/2017,7:00:00,10/12/2017 5:00,10/12/2017,5:00:00,
2018,108,Long,4/28/2018 1:00,4/28/2018,1:00:00,5/27/2018 15:00,5/27/2018,15:00:00,10/6/2018 5:00,10/6/2018,5:00:00,11/13/2018 1:00,11/13/2018,1:00:00,
2018,112,Long,3/31/2018 13:00,3/31/2018,13:00:00,5/29/2018 21:00,5/29/2018,21:00:00,10/13/2018 11:00,10/13/2018,11:00:00,12/2/2018 9:00,12/2/2018,9:00:00,
2018,119,Long,4/8/2018 20:00,4/8/2018,20:00:00,5/25/2018 16:00,5/25/2018,16:00:00,10/18/2018 6:00,10/18/2018,6:00:00,12/15/2018 20:00,12/15/2018,20:00:00,
2018,123,Medium,5/15/2018 5:00,5/15/2018,5:00:00,5/27/2018 9:00,5/27/2018,9:00:00,9/26/2018 5:00,9/26/2018,5:00:00,10/7/2018 7:00,10/7/2018,7:00:00,
2018,124,Medium,N/A,N/A,N/A,N/A,N/A,N/A,N/A,N/A,N/A,N/A,N/A,N/A,Died on 4/9/2018
2018,129,Long,3/14/2018 5:00,3/14/2018,5:00:00,N/A,N/A,N/A,N/A,N/A,N/A,N/A,N/A,N/A,Died on 5/23/2018
2018,219,Long,5/4/2018 23:00,5/4/2018,23:00:00,5/22/2018 21:00,5/22/2018,21:00:00,N/A,N/A,N/A,N/A,N/A,N/A,Died on 6/16/2018
2018,221,Medium,N/A,N/A,N/A,N/A,N/A,N/A,N/A,N/A,N/A,N/A,N/A,N/A,Collar failed on 2/20/2018
2018,225,Long,3/26/2018 23:00,3/26/2018,23:00:00,5/8/2018 21:00,5/8/2018,21:00:00,11/6/2018 5:00,11/6/2018,5:00:00,11/23/2018 17:00,11/23/2018,17:00:00,
2018,227,Medium,N/A,N/A,N/A,N/A,N/A,N/A,N/A,N/A,N/A,N/A,N/A,N/A,Collar failed on 4/29/2018
2018,230,Medium,5/5/2018 19:00,5/5/2018,19:00:00,5/15/2018 5:00,5/15/2018,5:00:00,10/8/2018 9:00,10/8/2018,9:00:00,10/14/2018 3:00,10/14/2018,3:00:00,
2018,233,Long,5/10/2018 3:00,5/10/2018,3:00:00,6/3/2018 23:00,6/3/2018,23:00:00,10/11/2018 7:00,10/11/2018,7:00:00,11/24/2018 9:00,11/24/2018,9:00:00,
2018,235,Long,5/4/2018 1:00,5/4/2018,1:00:00,5/28/2018 21:00,5/28/2018,21:00:00,10/23/2018 7:00,10/23/2018,7:00:00,11/21/2018 19:00,11/21/2018,19:00:00,
2018,239,Medium,4/25/2018 7:00,4/25/2018,7:00:00,5/8/2018 9:00,5/8/2018,9:00:00,10/4/2018 7:00,10/4/2018,7:00:00,10/9/2018 9:00,10/9/2018,9:00:00,
2018,241,Medium,5/10/2018 3:00,5/10/2018,3:00:00,5/17/2018 9:00,5/17/2018,9:00:00,10/6/2018 5:00,10/6/2018,5:00:00,10/9/2018 21:00,10/9/2018,21:00:00,
2018,242,Long,N/A,N/A,N/A,N/A,N/A,N/A,N/A,N/A,N/A,N/A,N/A,N/A,Recaptured during Dec 2018 captures; no 2018 data on migratory movements
2018,251,Long,4/2/2018 7:00,4/2/2018,7:00:00,5/27/2018 9:00,5/27/2018,9:00:00,10/7/2018 5:00,10/7/2018,5:00:00,10/25/2018 3:00,10/25/2018,3:00:00,
2018,252,Medium,4/27/2018 3:00,4/27/2018,3:00:00,5/6/2018 17:00,5/6/2018,17:00:00,11/30/2018 11:00,11/30/2018,11:00:00,12/8/2018 11:00,12/8/2018,11:00:00,
2018,254,Long,5/2/2018 1:00,5/2/2018,1:00:00,5/24/2018 3:00,5/24/2018,3:00:00,10/12/2018 3:00,10/12/2018,3:00:00,11/30/2018 3:00,11/30/2018,3:00:00,
2018,255,Long,N/A,N/A,N/A,6/15/2018 14:00,6/15/2018,14:00:00,10/1/2018 6:00,10/1/2018,6:00:00,11/22/2018 8:00,11/22/2018,8:00:00,Recaptured Deer 255 on stopover on Steamboat Mtn; spring migration start is unknown
2018,256,Medium,5/16/2018 3:00,5/16/2018,3:00:00,6/9/2018 21:00,6/9/2018,21:00:00,10/5/2018 1:00,10/5/2018,1:00:00,10/13/2018 19:00,10/13/2018,19:00:00,Deer 256 remained on winter range near Lander all of winter 2017-18; she migrated to summer range near Prospect Mtns in spring 2018; she returned to Red Desert winter range in fall of 2018
2018,257,Long,4/8/2018 7:00,4/8/2018,7:00:00,5/23/2018 19:00,5/23/2018,19:00:00,10/24/2018 3:00,10/24/2018,3:00:00,11/30/2018 9:00,11/30/2018,9:00:00,
2018,259,Long,4/11/2018 3:00,4/11/2018,3:00:00,5/22/2018 9:00,5/22/2018,9:00:00,10/23/2018 7:00,10/23/2018,7:00:00,12/10/2018 3:00,12/10/2018,3:00:00,
2018,260,Long,3/11/2018 21:00,3/11/2018,21:00:00,5/17/2018 11:00,5/17/2018,11:00:00,11/7/2018 5:00,11/7/2018,5:00:00,11/28/2018 9:00,11/28/2018,9:00:00,
2018,268,Short,N/A,N/A,N/A,N/A,N/A,N/A,N/A,N/A,N/A,N/A,N/A,N/A,Collar failed on 1/22/2018
2018,274,Medium,N/A,N/A,N/A,N/A,N/A,N/A,N/A,N/A,N/A,N/A,N/A,N/A,Died on 4/21/2018
2018,276,Medium,5/4/2018 9:00,5/4/2018,9:00:00,5/10/2018 11:00,5/10/2018,11:00:00,9/26/2018 5:00,9/26/2018,5:00:00,9/29/2018 11:00,9/29/2018,11:00:00,
2018,277,Short,N/A,N/A,N/A,N/A,N/A,N/A,N/A,N/A,N/A,N/A,N/A,N/A,Resident year-round; no migration data
2018,278,Long,3/31/2018 15:00,3/31/2018,15:00:00,5/27/2018 17:00,5/27/2018,17:00:00,10/10/2018 7:00,10/10/2018,7:00:00,12/2/2018 11:00,12/2/2018,11:00:00,
2018,279,Long,4/10/2018 5:00,4/10/2018,5:00:00,5/25/2018 19:00,5/25/2018,19:00:00,10/15/2018 7:00,10/15/2018,7:00:00,12/2/2018 5:00,12/2/2018,5:00:00,
2018,280,Short,N/A,N/A,N/A,N/A,N/A,N/A,N/A,N/A,N/A,N/A,N/A,N/A,Resident year-round; no migration data
2018,281,Medium,4/22/2018 1:00,4/22/2018,1:00:00,4/27/2018 17:00,4/27/2018,17:00:00,10/14/2018 7:00,10/14/2018,7:00:00,10/17/2018 9:00,10/17/2018,9:00:00,
2018,282,Long,3/8/2018 23:00,3/8/2018,23:00:00,6/13/2018 17:00,6/13/2018,17:00:00,N/A,N/A,N/A,N/A,N/A,N/A,Died on 9/3/2018
2018,284,Medium,N/A,N/A,N/A,N/A,N/A,N/A,N/A,N/A,N/A,N/A,N/A,N/A,"Spent the entire year near Boulder, WY; never returned to the Red Desert"
2018,285,Long,3/31/2018 23:00,3/31/2018,23:00:00,5/31/2018 13:00,5/31/2018,13:00:00,10/8/2018 15:00,10/8/2018,15:00:00,N/A,N/A,N/A,Collar failed on 11/11/2018
2018,286,Long,3/13/2018 23:00,3/13/2018,23:00:00,6/24/2018 19:00,6/24/2018,19:00:00,10/9/2018 5:00,10/9/2018,5:00:00,11/1/2018 9:00,11/1/2018,9:00:00,
2018,287,Long,4/23/2018 5:00,4/23/2018,5:00:00,6/10/2018 11:00,6/10/2018,11:00:00,9/30/2018 13:00,9/30/2018,13:00:00,10/17/2018 19:00,10/17/2018,19:00:00,
2018,290,Long,3/31/2018 11:00,3/31/2018,11:00:00,5/23/2018 7:00,5/23/2018,7:00:00,10/23/2018 5:00,10/23/2018,5:00:00,11/9/2018 13:00,11/9/2018,13:00:00,
2018,291,Long,3/25/2018 23:00,3/25/2018,23:00:00,5/23/2018 15:00,5/23/2018,15:00:00,10/24/2018 9:00,10/24/2018,9:00:00,12/7/2018 17:00,12/7/2018,17:00:00,Spent the winter of 2017-18 in the Prospects but returned to the Red Desert in the fall of 2018 
2018,292,Long,4/23/2018 3:00,4/23/2018,3:00:00,6/10/2018 11:00,6/10/2018,11:00:00,9/30/2018 13:00,9/30/2018,13:00:00,10/17/2018 19:00,10/17/2018,19:00:00,
2018,293,Long,4/22/2018 1:00,4/22/2018,1:00:00,5/20/2018 17:00,5/20/2018,17:00:00,10/11/2018 21:00,10/11/2018,21:00:00,N/A,N/A,N/A,Died on 10/13/2018 during fall migration
2018,294,Medium,5/1/2018 7:00,5/1/2018,7:00:00,5/17/2018 9:00,5/17/2018,9:00:00,10/7/2018 23:00,10/7/2018,23:00:00,10/16/2018 23:00,10/16/2018,23:00:00,
2018,295,Medium,4/22/2018 1:00,4/22/2018,1:00:00,4/27/2018 17:00,4/27/2018,17:00:00,10/20/2018 7:00,10/20/2018,7:00:00,10/23/2018 11:00,10/23/2018,11:00:00,
2018,296,Medium,4/28/2018 1:00,4/28/2018,1:00:00,5/11/2018 19:00,5/11/2018,19:00:00,11/5/2018 5:00,11/5/2018,5:00:00,11/8/2018 19:00,11/8/2018,19:00:00,
2018,297,Medium,N/A,N/A,N/A,N/A,N/A,N/A,N/A,N/A,N/A,N/A,N/A,N/A,Died on 1/28/2018
2018,298,Long,4/26/2018 5:00,4/26/2018,5:00:00,6/9/2018 9:00,6/9/2018,9:00:00,10/19/2018 7:00,10/19/2018,7:00:00,12/15/2018 17:00,12/15/2018,17:00:00,
2018,299,Long,3/17/2018 6:00,3/17/2018,6:00:00,6/2/2018 2:00,6/2/2018,2:00:00,10/23/2018 2:00,10/23/2018,2:00:00,12/6/2018 12:00,12/6/2018,12:00:00,
2018,300,Long,3/10/2018 7:00,3/10/2018,7:00:00,6/5/2018 9:00,6/5/2018,9:00:00,10/4/2018 21:00,10/4/2018,21:00:00,11/28/2018 3:00,11/28/2018,3:00:00,Has three long stopovers
2018,302,Long,5/9/2018 1:00,5/9/2018,1:00:00,6/10/2018 9:00,6/10/2018,6/10/2018 9:00,10/25/2018 5:00,10/25/2018,5:00:00,11/22/2018 5:00,11/22/2018,5:00:00,
2018,303,Long,4/25/2018 17:00,4/25/2018,17:00:00,6/17/2018 17:00,6/17/2018,17:00:00,10/24/2018 21:00,10/24/2018,21:00:00,2/22/2019 21:00,2/22/2019,21:00:00,Migrated in late January 2019
2018,304,Long,3/23/2018 3:00,3/23/2018,3:00:00,5/12/2018 23:00,5/12/2018,23:00:00,10/14/2018 17:00,10/14/2018,17:00:00,10/27/2018 3:00,10/27/2018,3:00:00,
2018,305,Long,3/25/2018 3:00,3/25/2018,3:00:00,6/4/2018 23:00,6/4/2018,23:00:00,10/8/2018 15:00,10/8/2018,15:00:00,10/22/2018 19:00,10/22/2018,19:00:00,Spends the summer on two different summer ranges
2018,306,Long,3/26/2018 2:00,3/26/2018,2:00:00,5/10/2018 18:00,5/10/2018,18:00:00,10/8/2018 14:00,10/8/2018,14:00:00,11/30/2018 0:00,11/30/2018,0:00:00,Spent the winter of 2017-18 in the Prospects but returned to the Red Desert in the fall of 2018 
2018,308,Long,3/26/2018 21:00,3/26/2018,21:00:00,5/19/2018 15:00,5/19/2018,15:00:00,10/6/2018 7:00,10/6/2018,7:00:00,10/28/2018 5:00,10/28/2018,5:00:00,
2018,309,Long,3/9/2018 19:00,3/9/2018,19:00:00,5/23/2018 1:00,5/23/2018,1:00:00,10/10/2018 9:00,10/10/2018,9:00:00,11/16/2018 5:00,11/16/2018,5:00:00,
2018,310,Medium,4/27/2018 4:00,4/27/2018,4:00:00,5/7/2018 10:00,5/7/2018,10:00:00,11/30/2018 8:00,11/30/2018,8:00:00,12/12/2018 16:00,12/12/2018,16:00:00,
2018,311,Medium,5/4/2018 5:00,5/4/2018,5:00:00,5/10/2018 23:00,5/10/2018,23:00:00,9/26/2018 5:00,9/26/2018,5:00:00,9/29/2018 13:00,9/29/2018,13:00:00,
2018,312,Medium,5/7/2018 5:00,5/7/2018,5:00:00,5/15/2018 3:00,5/15/2018,3:00:00,10/2/2018 21:00,10/2/2018,21:00:00,10/5/2018 23:00,10/5/2018,23:00:00,
2018,313,Medium,3/12/2018 19:00,3/12/2018,19:00:00,6/8/2018 19:00,6/8/2018,19:00:00,10/2/2018 19:00,10/2/2018,19:00:00,11/30/2018 19:00,11/30/2018,19:00:00,
2018,314,Long,3/10/2018 1:00,3/10/2018,1:00:00,6/24/2018 1:00,6/24/2018,1:00:00,10/5/2018 13:00,10/5/2018,13:00:00,11/14/2018 13:00,11/14/2018,13:00:00,
2018,315,Medium,5/5/2018 21:00,5/5/2018,21:00:00,5/10/2018 7:00,5/10/2018,7:00:00,10/23/2018 3:00,10/23/2018,3:00:00,11/4/2018 23:00,11/4/2018,23:00:00,
2018,316,Long,N/A,N/A,N/A,N/A,N/A,N/A,N/A,N/A,N/A,N/A,N/A,N/A,Died on 1/8/2018
2018,317,Long,3/22/2018 7:00,3/22/2018,7:00:00,5/4/2018 9:00,5/4/2018,9:00:00,10/14/2018 7:00,10/14/2018,7:00:00,1/10/2019 19:00,1/10/2019,19:00:00,Spent the winter of 2017-18 and 2018-19 in the Prospects 
2018,318,Medium,5/10/2018 1:00,5/10/2018,1:00:00,5/12/2018 21:00,5/12/2018,21:00:00,N/A,N/A,N/A,N/A,N/A,N/A,Died on 7/17/2018
2018,319,Long,4/10/2018 7:00,4/10/2018,7:00:00,5/27/2018 19:00,5/27/2018,19:00:00,10/1/2018 7:00,10/1/2018,7:00:00,11/29/2018 19:00,11/29/2018,19:00:00,
2018,321,Long,3/20/2018 5:00,3/20/2018,5:00:00,5/6/2018 21:00,5/6/2018,21:00:00,10/4/2018 9:00,10/4/2018,9:00:00,N/A,N/A,N/A,Spent the winter of 2017-18 in the Prospects; was on stopover in Prospects until late January 2019; died during fall migration 2019
2018,323,Long,3/11/2018 17:00,3/11/2018,17:00:00,5/21/2018 9:00,5/21/2018,9:00:00,11/20/2018 5:00,11/20/2018,5:00:00,1/6/2019 9:00,1/6/2019,9:00:00,
2018,326,Medium,4/26/2018 7:00,4/26/2018,7:00:00,5/4/2018 7:00,5/4/2018,7:00:00,9/26/2018 11:00,9/26/2018,11:00:00,10/1/2018 11:00,10/1/2018,11:00:00,
2018,327,Long,3/9/2018 17:00,3/9/2018,17:00:00,6/24/2018 15:00,6/24/2018,15:00:00,10/3/2018 3:00,10/3/2018,3:00:00,11/22/2018 15:00,11/22/2018,15:00:00,
2018,328,Medium,4/20/2018 5:00,4/20/2018,5:00:00,4/30/2018 11:00,4/30/2018,11:00:00,11/13/2018 5:00,11/13/2018,5:00:00,11/19/2018 11:00,11/19/2018,11:00:00,
2018,329,Short,N/A,N/A,N/A,N/A,N/A,N/A,N/A,N/A,N/A,N/A,N/A,N/A,Spent all year on White Mountain; no migration data
2018,330,Long,4/26/2018 13:00,4/26/2018,13:00:00,6/17/2018 3:00,6/17/2018,3:00:00,10/23/2018 3:00,10/23/2018,3:00:00,12/9/2018 3:00,12/9/2018,3:00:00,
2018,331,Long,4/1/2018 1:00,4/1/2018,1:00:00,5/7/2018 7:00,5/7/2018,7:00:00,10/6/2018 17:00,10/6/2018,17:00:00,10/23/2018 19:00,10/23/2018,19:00:00,
2018,332,Long,2/14/2018 1:00,2/14/2018,1:00:00,6/6/2018 9:00,6/6/2018,9:00:00,11/10/2018 7:00,11/10/2018,7:00:00,12/11/2018 11:00,12/11/2018,11:00:00,
2018,333,Long,3/13/2018 1:00,3/13/2018,1:00:00,5/29/2018 13:00,5/29/2018,13:00:00,10/28/2018 1:00,10/28/2018,1:00:00,N/A,N/A,N/A,Spent the winter of 2017-18 in the Prospects; but migrated back to the Red Desert in late January 2019 (collar failed 2/10/2020 right as she arrived to her winter range)
2018,334,Long,N/A,N/A,N/A,N/A,N/A,N/A,N/A,N/A,N/A,N/A,N/A,N/A,Died on 3/30/2018
2018,336,Long,3/23/2018 1:00,3/23/2018,1:00:00,5/28/2018 3:00,5/28/2018,3:00:00,10/12/2018 13:00,10/12/2018,13:00:00,N/A,N/A,N/A,Collar failed on 11/21/2018 while Deer 336 was migrating back to the Red Desert; recaptured on winter range in Dec 2018
2018,337,Medium,5/5/2018 3:00,5/5/2018,3:00:00,5/9/2018 1:00,5/9/2018,1:00:00,10/8/2018 15:00,10/8/2018,15:00:00,10/13/2018 19:00,10/13/2018,19:00:00,
2018,340,Long,5/7/2018 23:00,5/7/2018,23:00:00,5/28/2018 13:00,5/28/2018,13:00:00,10/8/2018 5:00,10/8/2018,5:00:00,11/2/2018 15:00,11/2/2018,15:00:00,
2018,341,Medium,4/29/2018 13:00,4/29/2018,13:00:00,5/24/2018 19:00,5/24/2018,19:00:00,10/3/2018 5:00,10/3/2018,5:00:00,10/8/2018 19:00,10/8/2018,19:00:00,
2018,343,Medium,4/22/2018 7:00,4/22/2018,7:00:00,4/30/2018 9:00,4/30/2018,9:00:00,10/29/2018 5:00,10/29/2018,5:00:00,11/2/2018 19:00,11/2/2018,19:00:00,
2018,344,Long,4/10/2018 15:00,4/10/2018,15:00:00,6/4/2018 11:00,6/4/2018,11:00:00,10/26/2018 7:00,10/26/2018,7:00:00,11/18/2018 9:00,11/18/2018,9:00:00,
2018,345,Long,4/26/2018 7:00,4/26/2018,7:00:00,5/22/2018 13:00,5/22/2018,13:00:00,10/5/2018 17:00,10/5/2018,17:00:00,10/26/2018 7:00,10/26/2018,7:00:00,
2018,346,Medium,5/9/2018 17:00,5/9/2018,17:00:00,5/17/2018 17:00,5/17/2018,17:00:00,9/30/2018 5:00,9/30/2018,5:00:00,10/6/2018 17:00,10/6/2018,17:00:00,
2018,347,Medium,4/22/2018 1:00,4/22/2018,1:00:00,4/29/2018 9:00,4/29/2018,9:00:00,10/9/2018 23:00,10/9/2018,23:00:00,10/14/2018 21:00,10/14/2018,21:00:00,
2018,349,Medium,3/12/2018 17:00,3/12/2018,17:00:00,5/15/2018 19:00,5/15/2018,19:00:00,11/3/2018 3:00,11/3/2018,3:00:00,11/7/2018 19:00,11/7/2018,19:00:00,Initially migrated to Boulder and then turned around and spent the summer in the Prospects
2018,351,Medium,4/22/2018 2:00,4/22/2018,2:00:00,4/28/2018 10:00,4/28/2018,10:00:00,10/9/2018 8:00,10/9/2018,8:00:00,10/12/2018 20:00,10/12/2018,20:00:00,
2018,352,N/A,N/A,N/A,N/A,N/A,N/A,N/A,N/A,N/A,N/A,N/A,N/A,N/A,Died on 1/29/2018
2018,353,N/A,N/A,N/A,N/A,N/A,N/A,N/A,N/A,N/A,N/A,N/A,N/A,N/A,Died on 2/17/2018
2018,354,Medium,4/25/2018 17:00,4/25/2018,17:00:00,5/7/2018 3:00,5/7/2018,3:00:00,10/14/2018 9:00,10/14/2018,9:00:00,10/18/2018 23:00,10/18/2018,23:00:00,
2018,355,Medium,3/31/2018 3:00,3/31/2018,3:00:00,4/23/2018 5:00,4/23/2018,5:00:00,10/5/2018 3:00,10/5/2018,3:00:00,10/13/2018 1:00,10/13/2018,1:00:00,
2018,356,Medium,3/13/2018 3:00,3/13/2018,3:00:00,5/13/2018 21:00,5/13/2018,21:00:00,11/4/2018 7:00,11/4/2018,7:00:00,11/16/2018 1:00,11/16/2018,1:00:00,
2018,357,Short,4/29/2018 17:00,4/29/2018,17:00:00,4/30/2018 13:00,4/30/2018,13:00:00,10/6/2018 7:00,10/6/2018,7:00:00,10/11/2018 7:00,10/11/2018,7:00:00,Goes back and forth between a stopover on Table Mountain during spring migration
2018,358,Long,3/13/2018 1:00,3/13/2018,1:00:00,5/12/2018 21:00,5/12/2018,21:00:00,N/A,N/A,N/A,N/A,N/A,N/A,Collar failed on 7/11/2018; no fall migration data
2018,359,Long,3/13/2018 1:00,3/13/2018,1:00:00,5/21/2018 11:00,5/21/2018,11:00:00,10/3/2018 19:00,10/3/2018,19:00:00,10/21/2018 7:00,10/21/2018,7:00:00,
2018,360,Medium,5/1/2018 5:00,5/1/2018,5:00:00,5/5/2018 3:00,5/5/2018,3:00:00,10/6/2018 19:00,10/6/2018,19:00:00,10/10/2018 5:00,10/10/2018,5:00:00,
2018,361,Medium,5/1/2018 4:00,5/1/2018,4:00:00,5/5/2018 4:00,5/5/2018,4:00:00,10/6/2018 18:00,10/6/2018,18:00:00,10/10/2018 4:00,10/10/2018,4:00:00,
2018,362,Medium,5/4/2018 11:00,5/4/2018,11:00:00,5/15/2018 11:00,5/15/2018,11:00:00,9/26/2018 7:00,9/26/2018,7:00:00,9/29/2018 11:00,9/29/2018,11:00:00,
2018,363,Medium,4/28/2018 3:00,4/28/2018,3:00:00,5/4/2018 11:00,5/4/2018,11:00:00,10/5/2018 13:00,10/5/2018,13:00:00,10/9/2018 9:00,10/9/2018,9:00:00,
2018,364,Medium,4/27/2018 3:00,4/27/2018,3:00:00,5/16/2018 17:00,5/16/2018,17:00:00,10/3/2018 17:00,10/3/2018,17:00:00,11/15/2018 17:00,11/15/2018,17:00:00,
2018,365,Medium,5/5/2018 20:00,5/5/2018,20:00:00,5/23/2018 8:00,5/23/2018,8:00:00,10/9/2018 12:00,10/9/2018,12:00:00,10/12/2018 18:00,10/12/2018,18:00:00,Has two summer ranges in the southern Wind River range
2018,366,N/A,N/A,N/A,N/A,N/A,N/A,N/A,N/A,N/A,N/A,N/A,N/A,N/A,Died on 2/17/2018
2018,367,N/A,N/A,N/A,N/A,N/A,N/A,N/A,N/A,N/A,N/A,N/A,N/A,N/A,Died on 4/27/2018
2018,369,Long,4/15/2018 5:00,4/15/2018,5:00:00,5/10/2018 11:00,5/10/2018,11:00:00,10/23/2018 5:00,10/23/2018,5:00:00,11/25/2018 7:00,11/25/2018,7:00:00,
2018,370,Short,N/A,N/A,N/A,N/A,N/A,N/A,N/A,N/A,N/A,N/A,N/A,N/A,Remained in Red Desert all year; no migration data
2018,371,Long,4/10/2018 9:00,4/10/2018,9:00:00,5/11/2018 13:00,5/11/2018,13:00:00,10/7/2018 5:00,10/7/2018,5:00:00,10/22/2018 11:00,10/22/2018,11:00:00,
2018,400,Short,N/A,N/A,N/A,N/A,N/A,N/A,N/A,N/A,N/A,N/A,N/A,N/A,Resident year-round in the Red Desert; no migration data available
2018,401,Short,N/A,N/A,N/A,N/A,N/A,N/A,10/5/2018 19:00,10/5/2018,19:00:00,10/9/2018 7:00,10/9/2018,7:00:00,
2018,402,Short,N/A,N/A,N/A,N/A,N/A,N/A,11/19/2018 21:00,11/19/2018,21:00:00,11/21/2018 19:00,11/21/2018,19:00:00,
2018,403,Short,N/A,N/A,N/A,N/A,N/A,N/A,11/11/2018 7:00,11/11/2018,7:00:00,11/14/2018 7:00,11/14/2018,7:00:00,
2018,404,Short,N/A,N/A,N/A,N/A,N/A,N/A,11/3/2018 15:00,11/3/2018,15:00:00,11/21/2018 17:00,11/21/2018,17:00:00,
2018,406,Short,N/A,N/A,N/A,N/A,N/A,N/A,11/11/2018 5:00,11/11/2018,5:00:00,11/13/2018 17:00,11/13/2018,17:00:00,
2018,407,Short,N/A,N/A,N/A,N/A,N/A,N/A,11/3/2018 5:00,11/3/2018,5:00:00,11/10/2018 1:00,11/10/2018,1:00:00,
2018,408,Short,N/A,N/A,N/A,N/A,N/A,N/A,N/A,N/A,N/A,N/A,N/A,N/A,Resident year-round in the Red Desert; no migration data available
2018,409,Short,N/A,N/A,N/A,N/A,N/A,N/A,11/7/2018 9:00,11/7/2018,9:00:00,12/2/2018 9:00,12/2/2018,9:00:00,Had two winter ranges
2018,410,Short,N/A,N/A,N/A,N/A,N/A,N/A,N/A,N/A,N/A,N/A,N/A,N/A,Resident year-round in the Red Desert; no migration data available
2018,411,Short,N/A,N/A,N/A,N/A,N/A,N/A,N/A,N/A,N/A,N/A,N/A,N/A,Resident year-round in the Red Desert; no migration data available
2018,412,Short,N/A,N/A,N/A,N/A,N/A,N/A,N/A,N/A,N/A,N/A,N/A,N/A,Resident year-round in the Red Desert; no migration data available
2018,413,Short,N/A,N/A,N/A,N/A,N/A,N/A,2/27/2019 5:00,2/27/2019,5:00:00,3/31/2019 21:00,3/31/2019,21:00:00,Late migration from Steamboat Mountain to Winton
2018,414,Short,N/A,N/A,N/A,N/A,N/A,N/A,10/28/2018 21:00,10/28/2018,21:00:00,10/31/2018 21:00,10/31/2018,21:00:00,
2018,415,Short,N/A,N/A,N/A,N/A,N/A,N/A,10/11/2018 9:00,10/11/2018,9:00:00,10/13/2018 1:00,10/13/2018,1:00:00,
2018,416,Short,N/A,N/A,N/A,N/A,N/A,N/A,N/A,N/A,N/A,N/A,N/A,N/A,Spent the winter 2018-19 on Zirkel Mesa; migrated to Table Mountain for the summer of 2019; migrated to Winton and west side of Chilton's ridge for winter of 2019-20
2018,417,Short,N/A,N/A,N/A,N/A,N/A,N/A,N/A,N/A,N/A,N/A,N/A,N/A,Died on 9/29/2018 while on summer range; no data on autumn migration
2018,418,Short,N/A,N/A,N/A,N/A,N/A,N/A,10/11/2018 17:00,10/11/2018,17:00:00,10/14/2018 5:00,10/14/2018,5:00:00,
2018,419,Short,N/A,N/A,N/A,N/A,N/A,N/A,10/13/2018 9:00,10/13/2018,9:00:00,10/14/2018 11:00,10/14/2018,11:00:00,Had two winter ranges
2018,420,Short,N/A,N/A,N/A,N/A,N/A,N/A,11/12/2018 9:00,11/12/2018,9:00:00,11/15/2018 19:00,11/15/2018,19:00:00,
2018,421,Short,N/A,N/A,N/A,N/A,N/A,N/A,11/3/2018 7:00,11/3/2018,7:00:00,11/21/2018 17:00,11/21/2018,17:00:00,
2018,422,Short,N/A,N/A,N/A,N/A,N/A,N/A,10/6/2018 15:00,10/6/2018,15:00:00,10/7/2018 19:00,10/7/2018,19:00:00,
2018,423,Short,N/A,N/A,N/A,N/A,N/A,N/A,10/7/2018 21:00,10/7/2018,21:00:00,10/8/2018 21:00,10/8/2018,21:00:00,
2018,424,Short,N/A,N/A,N/A,N/A,N/A,N/A,11/10/2018 17:00,11/10/2018,17:00:00,11/17/2018 17:00,11/17/2018,17:00:00,
2018,425,Short,N/A,N/A,N/A,N/A,N/A,N/A,N/A,N/A,N/A,N/A,N/A,N/A,Resident year-round in the Red Desert; no migration data available
2018,426,Medium,N/A,N/A,N/A,N/A,N/A,N/A,11/11/2018 7:00,11/11/2018,7:00:00,11/15/2018 23:00,11/15/2018,23:00:00,
2018,427,Short,N/A,N/A,N/A,N/A,N/A,N/A,10/7/2018 21:00,10/7/2018,21:00:00,10/8/2018 21:00,10/8/2018,21:00:00,
2018,428,Short,N/A,N/A,N/A,N/A,N/A,N/A,N/A,N/A,N/A,N/A,N/A,N/A,Resident year-round in the Red Desert; no migration data available; moves a little south during winter but migration isn't distinct
2018,430,Short,N/A,N/A,N/A,N/A,N/A,N/A,N/A,N/A,N/A,N/A,N/A,N/A,Resident year-round in the Red Desert; no migration data available
2018,431,Short,N/A,N/A,N/A,N/A,N/A,N/A,10/3/2018 23:00,10/3/2018,23:00:00,10/7/2018 5:00,10/7/2018,5:00:00,
2018,432,Short,N/A,N/A,N/A,N/A,N/A,N/A,10/8/2018 17:00,10/8/2018,17:00:00,10/11/2018 9:00,10/11/2018,9:00:00,
2018,433,Short,N/A,N/A,N/A,N/A,N/A,N/A,N/A,N/A,N/A,N/A,N/A,N/A,"Died on 3/20/2019 on winter range; assumed to be short-distance migrant, but no migration data available"
2018,434,Short,N/A,N/A,N/A,N/A,N/A,N/A,N/A,N/A,N/A,N/A,N/A,N/A,"Died on 5/12/2019 on winter range; assumed to be resident, but no migration data available"
2018,435,Short,N/A,N/A,N/A,N/A,N/A,N/A,1/3/2019 11:00,1/3/2019,11:00:00,1/4/2019 13:00,1/4/2019,13:00:00,
2018,436,Short,N/A,N/A,N/A,N/A,N/A,N/A,N/A,N/A,N/A,N/A,N/A,N/A,Resident year-round in the Red Desert; no migration data available; moves a little south during winter but migration isn't distinct
2018,437,Short,N/A,N/A,N/A,N/A,N/A,N/A,10/8/2018 3:00,10/8/2018,3:00:00,10/9/2018 23:00,10/9/2018,23:00:00,
2019,108,Long,4/19/2019 5:00,4/19/2019,5:00:00,6/3/2019 23:00,6/3/2019,23:00:00,10/5/2019 19:00,10/5/2019,19:00:00,10/29/2019 23:00,10/29/2019,23:00:00,
2019,112,Long,N/A,N/A,N/A,N/A,N/A,N/A,N/A,N/A,N/A,N/A,N/A,N/A,Died on 1/14/2019 on winter range; no migration data available
2019,119,Long,N/A,N/A,N/A,N/A,N/A,N/A,N/A,N/A,N/A,N/A,N/A,N/A,Died on 3/26/2019 on winter range; no migration data available
2019,123,Medium,N/A,N/A,N/A,N/A,N/A,N/A,N/A,N/A,N/A,N/A,N/A,N/A,Died on 3/7/2019 on winter range; no migration data available
2019,225,Long,3/19/2019 9:00,3/19/2019,9:00:00,5/18/2019 19:00,5/18/2019,19:00:00,10/19/2019 3:00,10/19/2019,3:00:00,12/5/2019 23:00,12/5/2019,23:00:00,
2019,230,Medium,N/A,N/A,N/A,N/A,N/A,N/A,N/A,N/A,N/A,N/A,N/A,N/A,Died on 2/28/2019 on winter range; no migration data available
2019,233,Long,N/A,N/A,N/A,N/A,N/A,N/A,N/A,N/A,N/A,N/A,N/A,N/A,Died on 1/18/2019 on winter range; no migration data available
2019,235,Long,N/A,N/A,N/A,N/A,N/A,N/A,N/A,N/A,N/A,N/A,N/A,N/A,Died on 4/24/2019 on winter range; no migration data available
2019,239,Medium,5/10/2019 21:00,5/10/2019,21:00:00,5/16/2019 13:00,5/16/2019,13:00:00,10/10/2019 5:00,10/10/2019,5:00:00,10/15/2019 1:00,10/15/2019,1:00:00,
2019,241,Medium,N/A,N/A,N/A,N/A,N/A,N/A,N/A,N/A,N/A,N/A,N/A,N/A,Died on 3/7/2019 on winter range; no migration data available
2019,242,Long,5/6/2019 11:00,5/6/2019,11:00:00,6/12/2019 7:00,6/12/2019,7:00:00,10/9/2019 13:00,10/9/2019,13:00:00,11/13/2019 19:00,11/13/2019,19:00:00,
2019,251,Long,N/A,N/A,N/A,N/A,N/A,N/A,N/A,N/A,N/A,N/A,N/A,N/A,Died on 4/7/2019 on winter range; no migration data available
2019,252,Medium,5/14/2019 5:00,5/14/2019,5:00:00,5/20/2019 17:00,5/20/2019,17:00:00,11/28/2019 23:00,11/28/2019,23:00:00,12/6/2019 9:00,12/6/2019,9:00:00,
2019,254,Long,3/16/2019 9:00,3/16/2019,9:00:00,5/21/2019 13:00,5/21/2019,13:00:00,11/25/2019 11:00,11/25/2019,11:00:00,12/15/2019 5:00,12/15/2019,5:00:00,
2019,255,Long,3/31/2019 7:00,3/31/2019,7:00:00,6/15/2019 17:00,6/15/2019,17:00:00,10/3/2019 13:00,10/3/2019,13:00:00,12/13/2019 1:00,12/13/2019,1:00:00,Spent the summer of 2019 near Spread Creek and Moran Junction
2019,256,Medium,5/6/2019 1:00,5/6/2019,1:00:00,7/1/2019 21:00,7/1/2019,21:00:00,10/16/2019 15:00,10/16/2019,15:00:00,10/23/2019 21:00,10/23/2019,21:00:00,
2019,257,Long,N/A,N/A,N/A,N/A,N/A,N/A,N/A,N/A,N/A,N/A,N/A,N/A,Died on 1/14/2019 on winter range; no migration data available
2019,259,Long,4/18/2019 5:00,4/18/2019,5:00:00,6/14/2019 7:00,6/14/2019,7:00:00,10/19/2019 7:00,10/19/2019,7:00:00,12/17/2019 19:00,12/17/2019,19:00:00,
2019,260,Long,3/17/2019 7:00,3/17/2019,7:00:00,5/19/2019 7:00,5/19/2019,7:00:00,10/30/2019 5:00,10/30/2019,5:00:00,12/1/2019 17:00,12/1/2019,17:00:00,
2019,276,Medium,5/12/2019 21:00,5/12/2019,21:00:00,5/19/2019 3:00,5/19/2019,3:00:00,9/30/2019 5:00,9/30/2019,5:00:00,10/3/2019 23:00,10/3/2019,23:00:00,
2019,277,Short,N/A,N/A,N/A,N/A,N/A,N/A,N/A,N/A,N/A,N/A,N/A,N/A,Resident year-round in the Red Desert; no migration data available
2019,278,Long,N/A,N/A,N/A,N/A,N/A,N/A,N/A,N/A,N/A,N/A,N/A,N/A,Died on 1/26/2019 on winter range; no migration data available
2019,279,Long,2/8/2019 21:00,2/8/2019,21:00:00,6/5/2019 21:00,6/5/2019,21:00:00,10/18/2019 15:00,10/18/2019,15:00:00,1/13/2020 15:00,1/13/2020,15:00:00,
2019,280,Short,N/A,N/A,N/A,N/A,N/A,N/A,N/A,N/A,N/A,N/A,N/A,N/A,Resident year-round in the Red Desert; no migration data available
2019,281,Medium,5/10/2019 11:00,5/10/2019,11:00:00,5/19/2019 23:00,5/19/2019,23:00:00,10/11/2019 1:00,10/11/2019,1:00:00,10/29/2019 15:00,10/29/2019,15:00:00,
2019,284,Medium,4/23/2019 9:00,4/23/2019,9:00:00,6/27/2019 13:00,6/27/2019,13:00:00,9/28/2019 9:00,9/28/2019,9:00:00,9/30/2019 9:00,9/30/2019,9:00:00,Spent the winter of 2018-19 north of Steamboat Mountain; spent the winter of 2019-20 near Flying Fish Hook Ranch
2019,286,Long,N/A,N/A,N/A,N/A,N/A,N/A,N/A,N/A,N/A,N/A,N/A,N/A,Died on 5/23/2019 on winter range; no migration data available
2019,287,Long,2/18/2019 13:00,2/18/2019,13:00:00,7/15/2019 17:00,7/15/2019,17:00:00,9/28/2019 3:00,9/28/2019,3:00:00,N/A,N/A,N/A,Died on 10/4/2019 during autumn migration
2019,290,Long,5/5/2019 5:00,5/5/2019,5:00:00,6/4/2019 21:00,6/4/2019,21:00:00,10/19/2019 11:00,10/19/2019,11:00:00,11/1/2019 19:00,11/1/2019,19:00:00,
2019,291,Long,5/25/2019 7:00,5/25/2019,7:00:00,6/14/2019 3:00,6/14/2019,3:00:00,10/19/2019 7:00,10/19/2019,7:00:00,12/15/2019 3:00,12/15/2019,3:00:00,
2019,292,Long,5/11/2019 5:00,5/11/2019,5:00:00,5/23/2019 11:00,5/23/2019,11:00:00,N/A,N/A,N/A,N/A,N/A,N/A,Died on 6/16/2019 on summer range; no autumn migration data available
2019,294,Medium,5/12/2019 1:00,5/12/2019,1:00:00,5/25/2019 7:00,5/25/2019,7:00:00,10/6/2019 7:00,10/6/2019,7:00:00,10/22/2019 21:00,10/22/2019,21:00:00,
2019,295,Medium,N/A,N/A,N/A,N/A,N/A,N/A,N/A,N/A,N/A,N/A,N/A,N/A,Died on 3/31/2019 on winter range; no migration data available
2019,296,Medium,5/6/2019 17:00,5/6/2019,17:00:00,5/27/2019 13:00,5/27/2019,13:00:00,10/16/2019 15:00,10/16/2019,15:00:00,10/22/2019 23:00,10/22/2019,23:00:00,
2019,298,Long,3/18/2019 17:00,3/18/2019,17:00:00,7/15/2019 1:00,7/15/2019,1:00:00,10/10/2019 5:00,10/10/2019,5:00:00,1/13/2020 15:00,1/13/2020,15:00:00,
2019,299,Long,N/A,N/A,N/A,N/A,N/A,N/A,N/A,N/A,N/A,N/A,N/A,N/A,Died on 1/30/2019 on winter range; no migration data available
2019,300,Long,2/19/2019 17:00,2/19/2019,17:00:00,6/26/2019 17:00,6/26/2019,17:00:00,10/10/2019 3:00,10/10/2019,3:00:00,11/5/2019 21:00,11/5/2019,21:00:00,
2019,302,Long,5/31/2019 3:00,5/31/2019,3:00:00,N/A,N/A,N/A,N/A,N/A,N/A,N/A,N/A,N/A,Died on 6/8/2019 during spring migration
2019,303,Long,5/7/2019 11:00,5/7/2019,11:00:00,7/28/2019 15:00,7/28/2019,15:00:00,10/17/2019 5:00,10/17/2019,5:00:00,12/7/2019 5:00,12/7/2019,5:00:00,Spent the winter of 2019-20 in the Propsect Mountains
2019,304,Long,3/18/2019 9:00,3/18/2019,9:00:00,5/25/2019 15:00,5/25/2019,15:00:00,10/24/2019 7:00,10/24/2019,7:00:00,11/10/2019 1:00,11/10/2019,1:00:00,
2019,305,Long,4/17/2019 15:00,4/17/2019,15:00:00,6/6/2019 11:00,6/6/2019,11:00:00,10/11/2019 5:00,10/11/2019,5:00:00,11/1/2019 5:00,11/1/2019,5:00:00,
2019,306,Long,4/16/2019 12:00,4/16/2019,12:00:00,5/24/2019 22:00,5/24/2019,22:00:00,10/10/2019 2:00,10/10/2019,2:00:00,12/21/2019 17:00,12/21/2019,17:00:00,
2019,308,Long,5/2/2019 5:00,5/2/2019,5:00:00,5/20/2019 13:00,5/20/2019,13:00:00,10/10/2019 7:00,10/10/2019,7:00:00,11/4/2019 13:00,11/4/2019,13:00:00,
2019,309,Long,3/20/2019 7:00,3/20/2019,7:00:00,6/16/2019 21:00,6/16/2019,21:00:00,10/18/2019 7:00,10/18/2019,7:00:00,1/25/2020 19:00,1/25/2020,19:00:00,Spent the winter of 2019-20 on Steamboat Mountain
2019,310,Medium,5/13/2019 16:00,5/13/2019,16:00:00,5/22/2019 10:00,5/22/2019,10:00:00,11/28/2019 2:00,11/28/2019,2:00:00,12/6/2019 10:00,12/6/2019,10:00:00,
2019,311,Medium,5/13/2019 3:00,5/13/2019,3:00:00,5/18/2019 19:00,5/18/2019,19:00:00,9/30/2019 3:00,9/30/2019,3:00:00,10/4/2019 23:00,10/4/2019,23:00:00,
2019,312,Medium,5/5/2019 3:00,5/5/2019,3:00:00,5/19/2019 7:00,5/19/2019,7:00:00,10/10/2019 7:00,10/10/2019,7:00:00,10/12/2019 17:00,10/12/2019,17:00:00,
2019,313,Medium,3/20/2019 19:00,3/20/2019,19:00:00,7/9/2019 19:00,7/9/2019,19:00:00,9/25/2019 19:00,9/25/2019,19:00:00,12/20/2019 17:00,12/20/2019,17:00:00,
2019,314,Long,3/26/2019 13:00,3/26/2019,13:00:00,7/22/2019 1:00,7/22/2019,1:00:00,9/29/2019 17:00,9/29/2019,17:00:00,11/6/2019 17:00,11/6/2019,17:00:00,
2019,315,Medium,5/11/2019 5:00,5/11/2019,5:00:00,5/15/2019 7:00,5/15/2019,7:00:00,10/19/2019 15:00,10/19/2019,15:00:00,10/24/2019 17:00,10/24/2019,17:00:00,
2019,317,Long,N/A,N/A,N/A,N/A,N/A,N/A,N/A,N/A,N/A,N/A,N/A,N/A,Spent the winter of 2018-19 southwest of the Prospect Mountains; died on 4/14/2019; no migration data available
2019,319,Long,2/22/2019 11:00,2/22/2019,11:00:00,6/12/2019 1:00,6/12/2019,1:00:00,9/22/2019 1:00,9/22/2019,1:00:00,12/14/2019 1:00,12/14/2019,1:00:00,
2019,321,Long,N/A,N/A,N/A,N/A,N/A,N/A,N/A,N/A,N/A,N/A,N/A,N/A,Died on 2/10/2019 during winter; never returned to winter range in Red Desert; no migration data available
2019,323,Long,N/A,N/A,N/A,N/A,N/A,N/A,N/A,N/A,N/A,N/A,N/A,N/A,Died on 4/27/2019 on winter range; no migration data available
2019,326,Medium,5/13/2019 15:00,5/13/2019,15:00:00,5/21/2019 3:00,5/21/2019,3:00:00,9/29/2019 15:00,9/29/2019,15:00:00,10/3/2019 3:00,10/3/2019,3:00:00,
2019,327,Long,3/27/2019 3:00,3/27/2019,3:00:00,7/7/2019 17:00,7/7/2019,17:00:00,9/2/2019 17:00,9/2/2019,17:00:00,12/13/2019 17:00,12/13/2019,17:00:00,
2019,328,Medium,4/5/2019 5:00,4/5/2019,5:00:00,N/A,N/A,N/A,N/A,N/A,N/A,N/A,N/A,N/A,Died on 4/28/2019 during spring migration
2019,329,Short,N/A,N/A,N/A,N/A,N/A,N/A,N/A,N/A,N/A,N/A,N/A,N/A,Spent the previous summers as a resident on White Rim; died on 6/5/2019; no migration data available
2019,330,Long,5/10/2019 15:00,5/10/2019,15:00:00,7/13/2019 15:00,7/13/2019,15:00:00,10/13/2019 15:00,10/13/2019,15:00:00,1/22/2020 15:00,1/22/2020,15:00:00,
2019,331,Long,3/19/2019 23:00,3/19/2019,23:00:00,5/20/2019 21:00,5/20/2019,21:00:00,10/13/2019 5:00,10/13/2019,5:00:00,11/1/2019 19:00,11/1/2019,19:00:00,
2019,332,Long,N/A,N/A,N/A,N/A,N/A,N/A,N/A,N/A,N/A,N/A,N/A,N/A,Died on 3/1/2019 on winter range; no migration data available
2019,333,Long,N/A,N/A,N/A,N/A,N/A,N/A,N/A,N/A,N/A,N/A,N/A,N/A,Collar failed on 2/10/2019 on winter range; no migration data available
2019,336,Long,3/19/2019 9:00,3/19/2019,9:00:00,6/5/2019 19:00,6/5/2019,19:00:00,10/27/2019 7:00,10/27/2019,7:00:00,1/15/2020 1:00,1/15/2020,1:00:00,
2019,337,Medium,5/16/2019 1:00,5/16/2019,1:00:00,5/20/2019 19:00,5/20/2019,19:00:00,N/A,N/A,N/A,N/A,N/A,N/A,Died on 6/20/2019 on summer range; no autumn migration data available
2019,340,Long,4/21/2019 3:00,4/21/2019,3:00:00,6/8/2019 11:00,6/8/2019,11:00:00,10/10/2019 5:00,10/10/2019,5:00:00,12/5/2019 11:00,12/5/2019,11:00:00,
2019,341,Medium,5/6/2019 19:00,5/6/2019,19:00:00,5/31/2019 7:00,5/31/2019,7:00:00,9/29/2019 7:00,9/29/2019,7:00:00,10/5/2019 1:00,10/5/2019,1:00:00,
2019,343,Medium,3/27/2019 7:00,3/27/2019,7:00:00,5/20/2019 21:00,5/20/2019,21:00:00,N/A,N/A,N/A,N/A,N/A,N/A,Remained on summer range throughout winter of 2019-20
2019,344,Long,4/9/2019 9:00,4/9/2019,9:00:00,5/31/2019 7:00,5/31/2019,7:00:00,10/20/2019 5:00,10/20/2019,5:00:00,12/4/2019 11:00,12/4/2019,11:00:00,
2019,345,Long,5/11/2019 5:00,5/11/2019,5:00:00,6/1/2019 17:00,6/1/2019,17:00:00,10/11/2019 3:00,10/11/2019,3:00:00,10/28/2019 15:00,10/28/2019,15:00:00,
2019,347,Medium,5/6/2019 17:00,5/6/2019,17:00:00,5/13/2019 7:00,5/13/2019,7:00:00,10/1/2019 9:00,10/1/2019,9:00:00,10/6/2019 9:00,10/6/2019,9:00:00,
2019,349,Medium,5/9/2019 13:00,5/9/2019,13:00:00,5/19/2019 23:00,5/19/2019,23:00:00,10/28/2019 5:00,10/28/2019,5:00:00,11/1/2019 21:00,11/1/2019,21:00:00,
2019,354,Medium,5/6/2019 5:00,5/6/2019,5:00:00,5/14/2019 9:00,5/14/2019,9:00:00,10/11/2019 7:00,10/11/2019,7:00:00,10/17/2019 3:00,10/17/2019,3:00:00,
2019,355,Medium,5/3/2019 7:00,5/3/2019,7:00:00,5/27/2019 9:00,5/27/2019,9:00:00,10/10/2019 15:00,10/10/2019,15:00:00,10/20/2019 7:00,10/20/2019,7:00:00,
2019,356,Medium,N/A,N/A,N/A,N/A,N/A,N/A,N/A,N/A,N/A,N/A,N/A,N/A,Died on 3/26/2019 on winter range; no migration data available
2019,357,Short,4/18/2019 5:00,4/18/2019,5:00:00,5/27/2019 19:00,5/27/2019,19:00:00,N/A,N/A,N/A,N/A,N/A,N/A,Died on 9/29/2019 while on summer range; no data on autumn migration
2019,359,Long,5/7/2019 7:00,5/7/2019,7:00:00,5/27/2019 21:00,5/27/2019,21:00:00,10/6/2019 13:00,10/6/2019,13:00:00,11/7/2019 11:00,11/7/2019,11:00:00,
2019,360,Medium,5/6/2019 19:00,5/6/2019,19:00:00,5/11/2019 13:00,5/11/2019,13:00:00,10/5/2019 5:00,10/5/2019,5:00:00,10/8/2019 19:00,10/8/2019,19:00:00,
2019,361,Medium,5/6/2019 16:00,5/6/2019,16:00:00,N/A,N/A,N/A,N/A,N/A,N/A,N/A,N/A,N/A,Died on 5/15/2019 during spring migration
2019,362,Medium,5/13/2019 3:00,5/13/2019,3:00:00,5/19/2019 9:00,5/19/2019,9:00:00,10/7/2019 1:00,10/7/2019,1:00:00,10/11/2019 3:00,10/11/2019,3:00:00,
2019,363,Medium,5/18/2019 17:00,5/18/2019,17:00:00,5/23/2019 11:00,5/23/2019,11:00:00,10/6/2019 7:00,10/6/2019,7:00:00,10/10/2019 9:00,10/10/2019,9:00:00,
2019,364,Medium,5/23/2019 17:00,5/23/2019,17:00:00,6/2/2019 17:00,6/2/2019,17:00:00,N/A,N/A,N/A,N/A,N/A,N/A,Died on 10/10/2019 while on summer range; no data on autumn migration
2019,365,Medium,N/A,N/A,N/A,N/A,N/A,N/A,N/A,N/A,N/A,N/A,N/A,N/A,Died on 3/17/2019 on winter range; no migration data available
2019,369,Long,4/25/2019 3:00,4/25/2019,3:00:00,5/27/2019 21:00,5/27/2019,21:00:00,10/6/2019 3:00,10/6/2019,3:00:00,10/30/2019 9:00,10/30/2019,9:00:00,
2019,371,Long,5/4/2019 3:00,5/4/2019,3:00:00,5/20/2019 1:00,5/20/2019,1:00:00,10/5/2019 17:00,10/5/2019,17:00:00,10/25/2019 19:00,10/25/2019,19:00:00,
2019,400,Short,N/A,N/A,N/A,N/A,N/A,N/A,N/A,N/A,N/A,N/A,N/A,N/A,Resident year-round in the Red Desert; no migration data available
2019,401,Short,5/6/2019 3:00,5/6/2019,3:00:00,5/10/2019 3:00,5/10/2019,3:00:00,9/28/2019 3:00,9/28/2019,3:00:00,10/3/2019 15:00,10/3/2019,15:00:00,
2019,402,Short,5/13/2019 5:00,5/13/2019,5:00:00,5/17/2019 3:00,5/17/2019,3:00:00,N/A,N/A,N/A,N/A,N/A,N/A,Died on 6/19/2019 while on summer range; no data on autumn migration
2019,403,Short,4/25/2019 23:00,4/25/2019,23:00:00,5/7/2019 23:00,5/7/2019,23:00:00,10/9/2019 23:00,10/9/2019,23:00:00,10/28/2019 11:00,10/28/2019,11:00:00,
2019,404,Short,5/5/2019 5:00,5/5/2019,5:00:00,5/8/2019 17:00,5/8/2019,17:00:00,10/25/2019 9:00,10/25/2019,9:00:00,12/22/2019 23:00,12/22/2019,23:00:00,Migrates back and forth during autumn migration near winter range before officially settling on winter range
2019,406,Short,4/26/2019 3:00,4/26/2019,3:00:00,5/6/2019 1:00,5/6/2019,1:00:00,10/9/2019 15:00,10/9/2019,15:00:00,11/26/2019 17:00,11/26/2019,17:00:00,Migrates back and forth during autumn migration near winter range before officially settling on winter range
2019,407,Short,5/5/2019 5:00,5/5/2019,5:00:00,5/7/2019 21:00,5/7/2019,21:00:00,10/25/2019 9:00,10/25/2019,9:00:00,10/29/2019 17:00,10/29/2019,17:00:00,
2019,408,Short,N/A,N/A,N/A,N/A,N/A,N/A,N/A,N/A,N/A,N/A,N/A,N/A,Resident year-round in the Red Desert; no migration data available
2019,409,Short,N/A,N/A,N/A,N/A,N/A,N/A,N/A,N/A,N/A,N/A,N/A,N/A,Died on 2/23/2019 on winter range; no migration data available
2019,410,Short,N/A,N/A,N/A,N/A,N/A,N/A,N/A,N/A,N/A,N/A,N/A,N/A,Resident year-round in the Red Desert; no migration data available
2019,412,Short,N/A,N/A,N/A,N/A,N/A,N/A,N/A,N/A,N/A,N/A,N/A,N/A,"Died on 3/20/2019 on winter range; assumed to be short-distance migrant, but no migration data available"
2019,413,Short,5/29/2019 13:00,5/29/2019,13:00:00,6/1/2019 9:00,6/1/2019,9:00:00,10/10/2019 19:00,10/10/2019,19:00:00,10/13/2019 23:00,10/13/2019,23:00:00,Moves back and forth between summer and winter range during spring 2019
2019,414,Short,6/5/2019 15:00,6/5/2019,15:00:00,7/17/2019 1:00,7/17/2019,1:00:00,N/A,N/A,N/A,N/A,N/A,N/A,Died on 9/9/2019 while on summer range; no data on autumn migration
2019,415,Short,5/2/2019 5:00,5/2/2019,5:00:00,5/6/2019 7:00,5/6/2019,7:00:00,10/28/2019 9:00,10/28/2019,9:00:00,11/2/2019 19:00,11/2/2019,19:00:00,
2019,416,Short,4/5/2019 1:00,4/5/2019,1:00:00,4/7/2019 19:00,4/7/2019,19:00:00,10/7/2019 11:00,10/7/2019,11:00:00,10/10/2019 9:00,10/10/2019,9:00:00,Spent the winter 2018-19 on Zirkel Mesa; migrated to Table Mountain for the summer of 2019; migrated to Winton and west side of Chilton's ridge for winter of 2019-20
2019,418,Short,5/11/2019 5:00,5/11/2019,5:00:00,5/15/2019 5:00,5/15/2019,5:00:00,10/11/2019 17:00,10/11/2019,17:00:00,10/14/2019 5:00,10/14/2019,5:00:00,
2019,420,Short,6/24/2019 3:00,6/24/2019,3:00:00,6/28/2019 11:00,6/28/2019,11:00:00,10/27/2019 7:00,10/27/2019,7:00:00,11/2/2019 19:00,11/2/2019,19:00:00,
2019,421,Short,N/A,N/A,N/A,N/A,N/A,N/A,N/A,N/A,N/A,N/A,N/A,N/A,"Died on 1/17/2019 on winter range; assumed to be short-distance migrant, but no migration data available"
2019,422,Short,5/14/2019 23:00,5/14/2019,23:00:00,N/A,N/A,N/A,N/A,N/A,N/A,N/A,N/A,N/A,Died on 5/22/2019 while migrating; exhibited exploratory movement
2019,423,Short,5/25/2019 3:00,5/25/2019,3:00:00,5/28/2019 13:00,5/28/2019,13:00:00,10/9/2019 21:00,10/9/2019,21:00:00,10/10/2019 23:00,10/10/2019,23:00:00,
2019,424,Short,5/24/2019 1:00,5/24/2019,1:00:00,5/29/2019 13:00,5/29/2019,13:00:00,10/16/2019 1:00,10/16/2019,1:00:00,10/30/2019 13:00,10/30/2019,13:00:00,
2019,425,Short,N/A,N/A,N/A,N/A,N/A,N/A,N/A,N/A,N/A,N/A,N/A,N/A,"Collar failed on 4/13/2019 on winter range; assumed to be short-distance migrant, but no migration data available"
2019,426,Medium,6/24/2019 3:00,6/24/2019,3:00:00,7/22/2019 7:00,7/22/2019,7:00:00,10/22/2019 5:00,10/22/2019,5:00:00,10/26/2019 5:00,10/26/2019,5:00:00,
2019,427,Short,5/12/2019 3:00,5/12/2019,3:00:00,5/14/2019 21:00,5/14/2019,21:00:00,N/A,N/A,N/A,N/A,N/A,N/A,Died on 5/26/2019 while on summer range; no data on autumn migration
2019,428,Short,N/A,N/A,N/A,N/A,N/A,N/A,N/A,N/A,N/A,N/A,N/A,N/A,Resident year-round in the Red Desert; no migration data available; moves a little south during winter but migration isn't distinct
2019,430,Short,N/A,N/A,N/A,N/A,N/A,N/A,N/A,N/A,N/A,N/A,N/A,N/A,Resident year-round in the Red Desert; no migration data available
2019,431,Short,5/6/2019 3:00,5/6/2019,3:00:00,5/12/2019 21:00,5/12/2019,21:00:00,9/22/2019 3:00,9/22/2019,3:00:00,9/23/2019 23:00,9/23/2019,23:00:00,
2019,432,Short,N/A,N/A,N/A,N/A,N/A,N/A,N/A,N/A,N/A,N/A,N/A,N/A,Didn't migrate back to Steamboat Mtn; no migration data available
2019,433,Short,N/A,N/A,N/A,N/A,N/A,N/A,N/A,N/A,N/A,N/A,N/A,N/A,"Collar failed on 3/20/2019 on winter range; assumed to be short-distance migrant, but no migration data available"
2019,434,Short,N/A,N/A,N/A,N/A,N/A,N/A,N/A,N/A,N/A,N/A,N/A,N/A,"Died on 5/12/2019 on winter range; assumed to be resident, but no migration data available"
2019,435,Short,5/11/2019 3:00,5/11/2019,3:00:00,5/12/2019 19:00,5/12/2019,19:00:00,N/A,N/A,N/A,N/A,N/A,N/A,Died on 5/26/2019 while on summer range; no data on autumn migration
2019,436,Short,N/A,N/A,N/A,N/A,N/A,N/A,N/A,N/A,N/A,N/A,N/A,N/A,Resident year-round in the Red Desert; no migration data available; moves a little south during winter but migration isn't distinct
2019,437,Short,4/28/2019 5:00,4/28/2019,5:00:00,5/6/2019 7:00,5/6/2019,7:00:00,N/A,N/A,N/A,N/A,N/A,N/A,Died on 5/23/2019 while on summer range; no data on autumn migration
2019,440,Short,N/A,N/A,N/A,N/A,N/A,N/A,N/A,N/A,N/A,N/A,N/A,N/A,Resident year-round in the Red Desert; no migration data available
2019,441,Short,N/A,N/A,N/A,N/A,N/A,N/A,N/A,N/A,N/A,N/A,N/A,N/A,Resident year-round in the Red Desert; no migration data available
2019,442,Long,3/31/2019 7:00,3/31/2019,7:00:00,6/11/2019 23:00,6/11/2019,23:00:00,10/21/2019 5:00,10/21/2019,5:00:00,11/5/2019 7:00,11/5/2019,7:00:00,Spent the winter of 2019-20 in the Propsect Mountains
2020,108,Long,3/29/2020 11:00,3/29/2020,11:00:00,5/26/2020 9:00,5/26/2020,9:00:00,10/12/2020 5:00,10/12/2020,5:00:00,11/1/2020 13:00,11/1/2020,13:00:00,
2020,225,Long,4/6/2020 17:00,4/6/2020,17:00:00,5/14/2020 21:00,5/14/2020,21:00:00,11/6/2020 5:00,11/6/2020,5:00:00,12/17/2020 13:00,12/17/2020,13:00:00,
2020,239,Medium,5/7/2020 17:00,5/7/2020,17:00:00,5/25/2020 17:00,5/25/2020,17:00:00,9/29/2020 1:00,9/29/2020,1:00:00,10/6/2020 7:00,10/6/2020,7:00:00,
2020,242,Long,5/5/2020 11:00,5/5/2020,11:00:00,6/12/2020 5:00,6/12/2020,5:00:00,10/11/2020 3:00,10/11/2020,3:00:00,12/23/2020 9:00,12/23/2020,9:00:00,
2020,252,Medium,5/3/2020 7:00,5/3/2020,7:00:00,5/9/2020 1:00,5/9/2020,1:00:00,12/15/2020 3:00,12/15/2020,3:00:00,12/24/2020 5:00,12/24/2020,5:00:00,
2020,254,Long,N/A,N/A,N/A,N/A,N/A,N/A,N/A,N/A,N/A,N/A,N/A,N/A,Died on 1/10/2020
2020,255,Long,3/19/2020 23:00,3/19/2020,23:00:00,6/15/2020 13:00,6/15/2020,13:00:00,9/28/2020 5:00,9/28/2020,5:00:00,12/22/2020 21:00,12/22/2020,21:00:00,
2020,256,Medium,4/27/2020 19:00,4/27/2020,19:00:00,7/5/2020 23:00,7/5/2020,23:00:00,10/3/2020 5:00,10/3/2020,5:00:00,10/19/2020 11:00,10/19/2020,11:00:00,
2020,259,Long,4/20/2020 19:00,4/20/2020,19:00:00,6/6/2020 21:00,6/6/2020,21:00:00,10/17/2020 11:00,10/17/2020,11:00:00,12/20/2020 3:00,12/20/2020,3:00:00,
2020,260,Long,3/19/2020 5:00,3/19/2020,5:00:00,5/19/2020 1:00,5/19/2020,1:00:00,10/25/2020 5:00,10/25/2020,5:00:00,11/12/2020 17:00,11/12/2020,17:00:00,
2020,276,Medium,5/10/2020 3:00,5/10/2020,3:00:00,5/16/2020 11:00,5/16/2020,11:00:00,N/A,N/A,N/A,N/A,N/A,N/A,Died on 6/8/2020
2020,277,Short,N/A,N/A,N/A,N/A,N/A,N/A,N/A,N/A,N/A,N/A,N/A,N/A,Resident year-round in the Red Desert; no migration data available
2020,279,Long,4/7/2020 5:00,4/7/2020,5:00:00,5/23/2020 1:00,5/23/2020,1:00:00,10/14/2020 9:00,10/14/2020,9:00:00,1/16/2021 5:00,1/16/2021,5:00:00,
2020,280,Short,N/A,N/A,N/A,N/A,N/A,N/A,N/A,N/A,N/A,N/A,N/A,N/A,Resident year-round in the Red Desert; no migration data available
2020,284,Medium,5/23/2020 11:00,5/23/2020,11:00:00,6/6/2020 1:00,6/6/2020,1:00:00,9/23/2020 5:00,9/23/2020,5:00:00,9/25/2020 5:00,9/25/2020,5:00:00,Spent the winter of 2019-20 on new winter range near Flying Fish Hook Ranch; did not return to historic winter range in Red Desert
2020,290,Long,3/22/2020 11:00,3/22/2020,11:00:00,5/27/2020 11:00,5/27/2020,11:00:00,10/16/2020 11:00,10/16/2020,11:00:00,N/A,N/A,N/A,Died on 10/31/2020 during autumn migration; died on Steamboat Mountain
2020,291,Long,5/2/2020 13:00,5/2/2020,13:00:00,6/5/2020 21:00,6/5/2020,21:00:00,10/25/2020 7:00,10/25/2020,7:00:00,11/13/2020 7:00,11/13/2020,7:00:00,Spent the winter of 2020-21 on stopover site in the Prospect Mountains
2020,294,Medium,4/30/2020 15:00,4/30/2020,15:00:00,5/19/2020 1:00,5/19/2020,1:00:00,10/13/2020 21:00,10/13/2020,21:00:00,10/24/2020 13:00,10/24/2020,13:00:00,
2020,296,Medium,5/2/2020 5:00,5/2/2020,5:00:00,5/14/2020 1:00,5/14/2020,1:00:00,10/21/2020 15:00,10/21/2020,15:00:00,10/27/2020 23:00,10/27/2020,23:00:00,
2020,298,Long,5/5/2020 21:00,5/5/2020,21:00:00,N/A,N/A,N/A,N/A,N/A,N/A,N/A,N/A,N/A,Died on 5/16/2020 during spring migration
2020,300,Long,3/13/2020 7:00,3/13/2020,7:00:00,6/6/2020 1:00,6/6/2020,1:00:00,10/11/2020 7:00,10/11/2020,7:00:00,10/26/2020 19:00,10/26/2020,19:00:00,
2020,303,Long,N/A,N/A,N/A,N/A,N/A,N/A,N/A,N/A,N/A,N/A,N/A,N/A,Spent the winter of 2019-20 on stopover sites in the Prospect Mountain; died on 3/30/2020
2020,304,Long,3/20/2020 17:00,3/20/2020,17:00:00,5/18/2020 17:00,5/18/2020,17:00:00,10/21/2020 17:00,10/21/2020,17:00:00,11/15/2020 17:00,11/15/2020,17:00:00,
2020,306,Long,4/10/2020 15:00,4/10/2020,15:00:00,5/16/2020 23:00,5/16/2020,23:00:00,10/11/2020 17:00,10/11/2020,17:00:00,12/11/2020 17:00,12/11/2020,17:00:00,
2020,307,Medium,3/22/2020 5:00,3/22/2020,5:00:00,4/12/2020 7:00,4/12/2020,7:00:00,10/10/2020 17:00,10/10/2020,17:00:00,10/15/2020 19:00,10/15/2020,19:00:00,
2020,308,Long,4/28/2020 17:00,4/28/2020,17:00:00,5/20/2020 17:00,5/20/2020,17:00:00,N/A,N/A,N/A,N/A,N/A,N/A,Collar failed on 9/24/2020 while Deer 308 was still on her summer range
2020,309,Long,N/A,N/A,N/A,N/A,N/A,N/A,N/A,N/A,N/A,N/A,N/A,N/A,Died on 3/19/2020 while on winter range
2020,310,Medium,5/3/2020 7:00,5/3/2020,7:00:00,5/9/2020 9:00,5/9/2020,9:00:00,N/A,N/A,N/A,N/A,N/A,N/A,Died on 10/6/2020 while on summer range
2020,311,Medium,5/9/2020 13:00,5/9/2020,13:00:00,N/A,N/A,N/A,N/A,N/A,N/A,N/A,N/A,N/A,Died on 5/12/2020 during spring migration
2020,312,Medium,N/A,N/A,N/A,N/A,N/A,N/A,N/A,N/A,N/A,N/A,N/A,N/A,Died on 1/20/2020 while on winter range
2020,313,Medium,3/19/2020 23:00,3/19/2020,23:00:00,6/24/2020 11:00,6/24/2020,11:00:00,9/20/2020 5:00,9/20/2020,5:00:00,2/12/2021 7:00,2/12/2021,7:00:00,Returned late to winter range
2020,314,Long,4/8/2020 17:00,4/8/2020,17:00:00,7/11/2020 17:00,7/11/2020,17:00:00,10/10/2020 5:00,10/10/2020,5:00:00,12/17/2020 17:00,12/17/2020,17:00:00,
2020,315,Medium,5/3/2020 5:00,5/3/2020,5:00:00,5/11/2020 7:00,5/11/2020,7:00:00,10/20/2020 1:00,10/20/2020,1:00:00,10/28/2020 11:00,10/28/2020,11:00:00,
2020,319,Long,N/A,N/A,N/A,N/A,N/A,N/A,N/A,N/A,N/A,N/A,N/A,N/A,Died on 4/2/2020 while on winter range
2020,326,Medium,N/A,N/A,N/A,N/A,N/A,N/A,N/A,N/A,N/A,N/A,N/A,N/A,Died on 4/17/2020 while on winter range
2020,327,Long,3/9/2020 5:00,3/9/2020,5:00:00,6/24/2020 17:00,6/24/2020,17:00:00,10/2/2020 17:00,10/2/2020,17:00:00,12/17/2020 17:00,12/17/2020,17:00:00,
2020,330,Long,5/9/2020 3:00,5/9/2020,3:00:00,7/14/2020 3:00,7/14/2020,3:00:00,10/16/2020 5:00,10/16/2020,5:00:00,2/12/2021 17:00,2/12/2021,17:00:00,Returned late to winter range
2020,331,Long,3/22/2020 9:00,3/22/2020,9:00:00,5/11/2020 21:00,5/11/2020,21:00:00,10/12/2020 9:00,10/12/2020,9:00:00,10/27/2020 3:00,10/27/2020,3:00:00,
2020,336,Long,4/9/2020 3:00,4/9/2020,3:00:00,5/26/2020 13:00,5/26/2020,13:00:00,10/25/2020 9:00,10/25/2020,9:00:00,1/11/2021 15:00,1/11/2021,15:00:00,
2020,340,Long,4/8/2020 7:00,4/8/2020,7:00:00,5/29/2020 9:00,5/29/2020,9:00:00,10/8/2020 3:00,10/8/2020,3:00:00,10/28/2020 17:00,10/28/2020,17:00:00,
2020,341,Medium,5/4/2020 1:00,5/4/2020,1:00:00,5/20/2020 5:00,5/20/2020,5:00:00,9/27/2020 7:00,9/27/2020,7:00:00,10/10/2020 21:00,10/10/2020,21:00:00,
2020,343,Medium,N/A,N/A,N/A,N/A,N/A,N/A,N/A,N/A,N/A,N/A,N/A,N/A,Spent the winter of 2019-20 on her summer range in the Prospect Mountains; died on 4/19/20
2020,344,Long,3/22/2020 3:00,3/22/2020,3:00:00,5/22/2020 9:00,5/22/2020,9:00:00,10/22/2020 7:00,10/22/2020,7:00:00,1/5/2021 19:00,1/5/2021,19:00:00,
2020,347,Medium,4/30/2020 1:00,4/30/2020,1:00:00,5/4/2020 9:00,5/4/2020,9:00:00,10/12/2020 9:00,10/12/2020,9:00:00,10/15/2020 19:00,10/15/2020,19:00:00,
2020,349,Medium,5/9/2020 23:00,5/9/2020,23:00:00,5/16/2020 7:00,5/16/2020,7:00:00,10/21/2020 5:00,10/21/2020,5:00:00,10/26/2020 19:00,10/26/2020,19:00:00,
2020,355,Medium,4/6/2020 23:00,4/6/2020,23:00:00,5/15/2020 1:00,5/15/2020,1:00:00,9/28/2020 1:00,9/28/2020,1:00:00,10/17/2020 19:00,10/17/2020,19:00:00,
2020,359,Long,3/11/2020 1:00,3/11/2020,1:00:00,6/1/2020 21:00,6/1/2020,21:00:00,10/11/2020 23:00,10/11/2020,23:00:00,10/28/2020 7:00,10/28/2020,7:00:00,
2020,360,Medium,4/30/2020 3:00,4/30/2020,3:00:00,5/5/2020 7:00,5/5/2020,7:00:00,10/14/2020 15:00,10/14/2020,15:00:00,10/18/2020 11:00,10/18/2020,11:00:00,
2020,362,Medium,5/9/2020 13:00,5/9/2020,13:00:00,5/16/2020 19:00,5/16/2020,19:00:00,10/10/2020 15:00,10/10/2020,15:00:00,10/15/2020 19:00,10/15/2020,19:00:00,
2020,363,Medium,5/3/2020 5:00,5/3/2020,5:00:00,5/10/2020 1:00,5/10/2020,1:00:00,10/23/2020 7:00,10/23/2020,7:00:00,10/26/2020 23:00,10/26/2020,23:00:00,
2020,369,Long,N/A,N/A,N/A,N/A,N/A,N/A,N/A,N/A,N/A,N/A,N/A,N/A,Died on 4/18/2020 while on winter range
2020,371,Long,4/28/2020 3:00,4/28/2020,3:00:00,5/19/2020 15:00,5/19/2020,15:00:00,10/1/2020 5:00,10/1/2020,5:00:00,10/17/2020 9:00,10/17/2020,9:00:00,
2020,401,Short,4/30/2020 3:00,4/30/2020,3:00:00,5/6/2020 3:00,5/6/2020,3:00:00,10/13/2020 1:00,10/13/2020,1:00:00,10/16/2020 13:00,10/16/2020,13:00:00,
2020,404,Short,4/29/2020 3:00,4/29/2020,3:00:00,5/6/2020 3:00,5/6/2020,3:00:00,10/19/2020 17:00,10/19/2020,17:00:00,10/26/2020 17:00,10/26/2020,17:00:00,
2020,406,Short,N/A,N/A,N/A,N/A,N/A,N/A,N/A,N/A,N/A,N/A,N/A,N/A,Died on 1/14/2020 while on winter range
2020,407,Short,4/29/2020 1:00,4/29/2020,1:00:00,5/6/2020 1:00,5/6/2020,1:00:00,10/9/2020 11:00,10/9/2020,11:00:00,10/17/2020 23:00,10/17/2020,23:00:00,
2020,408,Short,N/A,N/A,N/A,N/A,N/A,N/A,N/A,N/A,N/A,N/A,N/A,N/A,Resident year-round in the Red Desert; no migration data available
2020,410,Short,N/A,N/A,N/A,N/A,N/A,N/A,N/A,N/A,N/A,N/A,N/A,N/A,Resident year-round in the Red Desert; no migration data available
2020,415,Short,5/9/2020 17:00,5/9/2020,17:00:00,5/18/2020 5:00,5/18/2020,5:00:00,10/16/2020 11:00,10/16/2020,11:00:00,10/19/2020 7:00,10/19/2020,7:00:00,
2020,416,Short,6/4/2020 19:00,6/4/2020,19:00:00,6/6/2020 5:00,6/6/2020,5:00:00,N/A,N/A,N/A,N/A,N/A,N/A,Migrated from winter range near Winton and I-80 to summer range on Zirkel Mesa; remained on Zirkel Mesa throughout the winter of 2020-21
2020,418,Short,5/9/2020 5:00,5/9/2020,5:00:00,5/13/2020 5:00,5/13/2020,5:00:00,10/15/2020 11:00,10/15/2020,11:00:00,10/20/2020 11:00,10/20/2020,11:00:00,
2020,420,Short,5/10/2020 3:00,5/10/2020,3:00:00,5/18/2020 17:00,5/18/2020,17:00:00,10/16/2020 11:00,10/16/2020,11:00:00,10/19/2020 7:00,10/19/2020,7:00:00,
2020,423,Short,N/A,N/A,N/A,N/A,N/A,N/A,N/A,N/A,N/A,N/A,N/A,N/A,Died on 3/7/2020 while on winter range and during captures
2020,424,Short,5/19/2020 21:00,5/19/2020,21:00:00,5/25/2020 19:00,5/25/2020,19:00:00,10/21/2020 7:00,10/21/2020,7:00:00,10/26/2020 19:00,10/26/2020,19:00:00,
2020,426,Medium,5/10/2020 3:00,5/10/2020,3:00:00,5/27/2020 21:00,5/27/2020,21:00:00,9/25/2020 13:00,9/25/2020,13:00:00,10/19/2020 7:00,10/19/2020,7:00:00,
2020,428,Short,N/A,N/A,N/A,N/A,N/A,N/A,N/A,N/A,N/A,N/A,N/A,N/A,Died on 3/6/2020 while on winter range and during captures
2020,430,Short,N/A,N/A,N/A,N/A,N/A,N/A,N/A,N/A,N/A,N/A,N/A,N/A,Resident year-round in the Red Desert; no migration data available
2020,431,Short,5/3/2020 19:00,5/3/2020,19:00:00,5/20/2020 11:00,5/20/2020,11:00:00,10/12/2020 9:00,10/12/2020,9:00:00,10/16/2020 9:00,10/16/2020,9:00:00,
2020,436,Short,N/A,N/A,N/A,N/A,N/A,N/A,N/A,N/A,N/A,N/A,N/A,N/A,Resident year-round in the Red Desert; no migration data available; moves a little south during winter but migration isn't distinct
2020,440,Short,N/A,N/A,N/A,N/A,N/A,N/A,N/A,N/A,N/A,N/A,N/A,N/A,Resident year-round in the Red Desert; no migration data available
2020,441,Short,N/A,N/A,N/A,N/A,N/A,N/A,N/A,N/A,N/A,N/A,N/A,N/A,Resident year-round in the Red Desert; no migration data available
2020,442,Long,3/27/2020 11:00,3/27/2020,11:00:00,5/31/2020 23:00,5/31/2020,23:00:00,10/25/2020 5:00,10/25/2020,5:00:00,11/17/2020 23:00,11/17/2020,23:00:00,Spent the winter of 2019-20 and 2020-21 on stopover site in the Prospect Mountains
2020,443,Medium,5/5/2020 1:00,5/5/2020,1:00:00,5/11/2020 13:00,5/11/2020,13:00:00,10/8/2020 1:00,10/8/2020,1:00:00,10/13/2020 19:00,10/13/2020,19:00:00,
2020,444,Long,4/10/2020 1:00,4/10/2020,1:00:00,6/4/2020 11:00,6/4/2020,11:00:00,10/23/2020 9:00,10/23/2020,9:00:00,11/17/2020 19:00,11/17/2020,19:00:00,
2020,445,Medium,5/13/2020 21:00,5/13/2020,21:00:00,5/21/2020 9:00,5/21/2020,9:00:00,10/21/2020 7:00,10/21/2020,7:00:00,10/26/2020 19:00,10/26/2020,19:00:00,
2020,446,Medium,3/14/2020 17:00,3/14/2020,17:00:00,6/13/2020 17:00,6/13/2020,17:00:00,10/7/2020 17:00,10/7/2020,17:00:00,2/21/2021 17:00,2/21/2021,17:00:00,Returned late to winter range
2020,447,Long,4/29/2020 17:00,4/29/2020,17:00:00,7/16/2020 17:00,7/16/2020,17:00:00,9/25/2020 17:00,9/25/2020,17:00:00,12/23/2020 17:00,12/23/2020,17:00:00,Spent the winter of 2020-21 on stopover site in the Prospect Mountains
2020,448,N/A,N/A,N/A,N/A,N/A,N/A,N/A,N/A,N/A,N/A,N/A,N/A,N/A,Died on 3/15/2020 while on winter range; no migration data available including migratory tactic
2020,449,N/A,N/A,N/A,N/A,N/A,N/A,N/A,N/A,N/A,N/A,N/A,N/A,N/A,Died on 4/14/2020 while on winter range; no migration data available including migratory tactic
2020,450,N/A,3/12/2020 23:00,3/12/2020,23:00:00,N/A,N/A,N/A,N/A,N/A,N/A,N/A,N/A,N/A,Died on 3/22/2020 soon after she began her spring migration; no migration data available including migratory tactic
2020,451,Long,4/9/2020 3:00,4/9/2020,3:00:00,6/12/2020 19:00,6/12/2020,19:00:00,10/25/2020 7:00,10/25/2020,7:00:00,12/24/2020 9:00,12/24/2020,9:00:00,
2020,452,Long,4/19/2020 17:00,4/19/2020,17:00:00,5/27/2020 17:00,5/27/2020,17:00:00,10/15/2020 17:00,10/15/2020,17:00:00,12/25/2020 17:00,12/25/2020,17:00:00,
2020,453,N/A,3/11/2020 13:00,3/11/2020,13:00:00,N/A,N/A,N/A,N/A,N/A,N/A,N/A,N/A,N/A,Died on 4/8/2020 during spring migration; no migration data available including migratory tactic
2020,454,Long,3/22/2020 11:00,3/22/2020,11:00:00,6/2/2020 9:00,6/2/2020,9:00:00,10/26/2020 7:00,10/26/2020,7:00:00,12/26/2020 19:00,12/26/2020,19:00:00,
2020,455,Long,4/7/2020 5:00,4/7/2020,5:00:00,5/21/2020 21:00,5/21/2020,21:00:00,10/14/2020 5:00,10/14/2020,5:00:00,N/A,N/A,N/A,Died on 10/25/2020 during autumn migration
2020,456,Long,3/22/2020 3:00,3/22/2020,3:00:00,5/18/2020 13:00,5/18/2020,13:00:00,11/7/2020 7:00,11/7/2020,7:00:00,N/A,N/A,N/A,Captured buck on 12/7/2020 while on he was on stopover site in the Prospect Mountains; removed collar from buck because he was not related to collared female 
2020,457,Medium,5/4/2020 5:00,5/4/2020,5:00:00,5/9/2020 11:00,5/9/2020,11:00:00,10/16/2020 5:00,10/16/2020,5:00:00,10/22/2020 11:00,10/22/2020,11:00:00,
2020,458,N/A,4/23/2020 5:00,4/23/2020,5:00:00,N/A,N/A,N/A,N/A,N/A,N/A,N/A,N/A,N/A,Died on 4/29/2020 during spring migration; no migration data available including migratory tactic
2020,459,N/A,N/A,N/A,N/A,N/A,N/A,N/A,N/A,N/A,N/A,N/A,N/A,N/A,Died on 4/2/2020 while on winter range
2020,460,Long,5/1/2020 17:00,5/1/2020,17:00:00,5/23/2020 17:00,5/23/2020,17:00:00,10/5/2020 17:00,10/5/2020,17:00:00,12/29/2020 17:00,12/29/2020,17:00:00,
2020,461,Medium,4/27/2020 17:00,4/27/2020,17:00:00,6/5/2020 21:00,6/5/2020,21:00:00,10/3/2020 7:00,10/3/2020,7:00:00,10/19/2020 11:00,10/19/2020,11:00:00,
2020,462,Short,N/A,N/A,N/A,N/A,N/A,N/A,N/A,N/A,N/A,N/A,N/A,N/A,Resident year-round in the Red Desert; no migration data available
2020,463,Long,4/26/2020 5:00,4/26/2020,5:00:00,6/1/2020 7:00,6/1/2020,7:00:00,10/20/2020 21:00,10/20/2020,21:00:00,1/13/2021 17:00,1/13/2021,17:00:00,
2020,464,Medium,5/4/2020 23:00,5/4/2020,23:00:00,5/7/2020 9:00,5/7/2020,9:00:00,10/13/2020 5:00,10/13/2020,5:00:00,10/17/2020 1:00,10/17/2020,1:00:00,
2020,465,Long,4/21/2020 23:00,4/21/2020,23:00:00,5/22/2020 9:00,5/22/2020,9:00:00,10/26/2020 7:00,10/26/2020,7:00:00,11/24/2020 15:00,11/24/2020,15:00:00,
2020,466,Long,4/30/2020 1:00,4/30/2020,1:00:00,5/31/2020 7:00,5/31/2020,7:00:00,10/26/2020 3:00,10/26/2020,3:00:00,11/29/2020 3:00,11/29/2020,3:00:00,
2020,467,Short,4/29/2020 1:00,4/29/2020,1:00:00,5/6/2020 3:00,5/6/2020,3:00:00,10/12/2020 7:00,10/12/2020,7:00:00,10/25/2020 21:00,10/25/2020,21:00:00,
2020,468,Short,4/24/2020 7:00,4/24/2020,7:00:00,4/29/2020 7:00,4/29/2020,7:00:00,10/14/2020 11:00,10/14/2020,11:00:00,10/24/2020 11:00,10/24/2020,11:00:00,
2020,469,Short,4/25/2020 19:00,4/25/2020,19:00:00,4/29/2020 21:00,4/29/2020,21:00:00,N/A,N/A,N/A,N/A,N/A,N/A,Died on 10/3/2020 while on summer range
2020,470,Short,5/19/2020 17:00,5/19/2020,17:00:00,5/22/2020 5:00,5/22/2020,5:00:00,10/22/2020 7:00,10/22/2020,7:00:00,10/26/2020 5:00,10/26/2020,5:00:00,
2020,471,Short,5/4/2020 1:00,5/4/2020,1:00:00,5/8/2020 7:00,5/8/2020,7:00:00,N/A,N/A,N/A,N/A,N/A,N/A,Died on 7/22/2020 while on summer range
2020,472,N/A,N/A,N/A,N/A,N/A,N/A,N/A,N/A,N/A,N/A,N/A,N/A,N/A,Died on 3/14/2020 while on winter range; no migration data available including migratory tactic
2020,473,Medium,5/4/2020 17:00,5/4/2020,17:00:00,6/26/2020 17:00,6/26/2020,17:00:00,10/10/2020 17:00,10/10/2020,17:00:00,12/25/2020 17:00,12/25/2020,17:00:00,
2020,474,Short,N/A,N/A,N/A,N/A,N/A,N/A,N/A,N/A,N/A,N/A,N/A,N/A,Resident year-round in the Red Desert; no migration data available
2021,108,Long,4/4/2021 0:00,4/4/2021,0:00:00,5/27/2021 0:00,5/27/2021,0:00:00,10/3/2021 0:00,10/3/2021,0:00:00,10/23/2021,10/23/2021,0:00:00,
2021,225,Long,4/12/2021 0:00,4/12/2021,0:00:00,5/16/2021 0:00,5/16/2021,0:00:00,10/19/2021 0:00,10/19/2021,0:00:00,11/5/2021,11/5/2021,0:00:00,
2021,239,Medium,5/2/2021 0:00,5/2/2021,0:00:00,5/11/2021 0:00,5/11/2021,0:00:00,10/4/2021 0:00,10/4/2021,0:00:00,10/7/2021,10/7/2021,0:00:00,Died on 10/06/2021 during fall migration
2021,242,Long,5/9/2021 0:00,5/9/2021,0:00:00,6/13/2021 0:00,6/13/2021,0:00:00,10/9/2021 0:00,10/9/2021,0:00:00,11/11/2021,11/11/2021,0:00:00,
2021,252,Medium,5/14/2021 0:00,5/14/2021,0:00:00,5/18/2021 0:00,5/18/2021,0:00:00,10/25/2021 0:00,10/25/2021,0:00:00,11/4/2021,11/4/2021,0:00:00,
2021,255,Long,4/4/2021 0:00,4/4/2021,0:00:00,7/12/2021 0:00,7/12/2021,0:00:00,10/2/2021 0:00,10/2/2021,0:00:00,11/25/2021,11/25/2021,0:00:00,
2021,256,Medium,3/7/2021 0:00,3/7/2021,0:00:00,3/10/2021 0:00,3/10/2021,0:00:00,5/17/2021 0:00,5/17/2021,0:00:00,5/19/2021,5/19/2021,0:00:00,Died on 05/18/2021 during fall migration
2021,259,Long,4/24/2021 0:00,4/24/2021,0:00:00,5/16/2021 0:00,5/16/2021,0:00:00,NA,NA,0:00:00,NA,NA,0:00:00,Died on 05/29/2021 while on winter/summer range
2021,260,Long,5/1/2021 0:00,5/1/2021,0:00:00,5/24/2021 0:00,5/24/2021,0:00:00,2/1/2021 0:00,2/1/2021,0:00:00,1/31/2022,1/31/2022,0:00:00,Died on 06/21/2021 during fall migration
2021,277,Short,NA,NA,NA,NA,NA,NA,NA,NA,NA,NA,NA,NA,Died on 02/24/2021 while on winter/summer range; resident year-round
2021,279,Long,5/3/2021 0:00,5/3/2021,0:00:00,6/2/2021 0:00,6/2/2021,0:00:00,10/8/2021 0:00,10/8/2021,0:00:00,10/27/2021,10/27/2021,0:00:00,
2021,280,Short,NA,NA,NA,NA,NA,NA,NA,NA,NA,NA,NA,NA,Resident year-round in the Red Desert; no migration data available
2021,284,Medium,3/16/2021 0:00,3/16/2021,0:00:00,4/1/2021 0:00,4/1/2021,0:00:00,9/25/2021 0:00,9/25/2021,0:00:00,10/2/2021,10/2/2021,0:00:00,
2021,291,Long,2/1/2021 0:00,2/1/2021,0:00:00,1/31/2022 0:00,1/31/2022,0:00:00,NA,NA,0:00:00,NA,NA,0:00:00,Died on 04/08/2021 during spring migration
2021,294,Medium,5/9/2021 0:00,5/9/2021,0:00:00,6/4/2021 0:00,6/4/2021,0:00:00,10/15/2021 0:00,10/15/2021,0:00:00,10/27/2021,10/27/2021,0:00:00,
2021,296,Medium,5/6/2021 0:00,5/6/2021,0:00:00,5/14/2021 0:00,5/14/2021,0:00:00,NA,NA,0:00:00,NA,NA,0:00:00,Died on 05/24/2021 while on winter/summer range
2021,300,Long,4/8/2021 0:00,4/8/2021,0:00:00,6/9/2021 0:00,6/9/2021,0:00:00,10/8/2021 0:00,10/8/2021,0:00:00,10/21/2021,10/21/2021,0:00:00,Died on 11/11/2021 while on winter/summer range
2021,304,Long,NA,NA,0:00:00,NA,NA,0:00:00,NA,NA,0:00:00,NA,NA,0:00:00,Died on 03/04/2021 while on winter/summer range
2021,306,Long,5/1/2021 0:00,5/1/2021,0:00:00,5/26/2021 0:00,5/26/2021,0:00:00,10/9/2021 0:00,10/9/2021,0:00:00,10/25/2021,10/25/2021,0:00:00,
2021,307,Medium,4/1/2021 0:00,4/1/2021,0:00:00,4/15/2021 0:00,4/15/2021,0:00:00,9/21/2021 0:00,9/21/2021,0:00:00,9/29/2021,9/29/2021,0:00:00,
2021,313,Medium,3/9/2021 0:00,3/9/2021,0:00:00,4/23/2021 0:00,4/23/2021,0:00:00,10/4/2021 0:00,10/4/2021,0:00:00,10/19/2021,10/19/2021,0:00:00,
2021,314,Long,4/9/2021 0:00,4/9/2021,0:00:00,6/20/2021 0:00,6/20/2021,0:00:00,10/4/2021 0:00,10/4/2021,0:00:00,12/14/2021,12/14/2021,0:00:00,
2021,315,Medium,NA,NA,0:00:00,NA,NA,0:00:00,NA,NA,0:00:00,NA,NA,0:00:00,Died on 02/27/2021 while on winter/summer range
2021,327,Long,4/4/2021 0:00,4/4/2021,0:00:00,6/16/2021 0:00,6/16/2021,0:00:00,11/12/2021 0:00,11/12/2021,0:00:00,11/24/2021,11/24/2021,0:00:00,
2021,330,Long,5/15/2021 0:00,5/15/2021,0:00:00,6/24/2021 0:00,6/24/2021,0:00:00,10/13/2021 0:00,10/13/2021,0:00:00,10/26/2021,10/26/2021,0:00:00,
2021,331,Long,4/12/2021 0:00,4/12/2021,0:00:00,5/9/2021 0:00,5/9/2021,0:00:00,10/12/2021 0:00,10/12/2021,0:00:00,10/30/2021,10/30/2021,0:00:00,
2021,336,Long,3/18/2021 0:00,3/18/2021,0:00:00,3/30/2021 0:00,3/30/2021,0:00:00,NA,NA,0:00:00,NA,NA,0:00:00,Died on 03/30/2021 while on winter/summer range
2021,340,Long,4/29/2021 0:00,4/29/2021,0:00:00,5/25/2021 0:00,5/25/2021,0:00:00,9/25/2021 0:00,9/25/2021,0:00:00,10/18/2021,10/18/2021,0:00:00,
2021,341,Medium,5/11/2021 0:00,5/11/2021,0:00:00,5/24/2021 0:00,5/24/2021,0:00:00,10/1/2021 0:00,10/1/2021,0:00:00,10/11/2021,10/11/2021,0:00:00,
2021,344,Long,4/5/2021 0:00,4/5/2021,0:00:00,5/20/2021 0:00,5/20/2021,0:00:00,NA,NA,0:00:00,NA,NA,0:00:00,Died on 07/23/2021 while on winter/summer range
2021,347,Medium,3/8/2021 0:00,3/8/2021,0:00:00,4/25/2021 0:00,4/25/2021,0:00:00,10/5/2021 0:00,10/5/2021,0:00:00,10/11/2021,10/11/2021,0:00:00,
2021,349,Medium,5/11/2021 0:00,5/11/2021,0:00:00,5/17/2021 0:00,5/17/2021,0:00:00,10/7/2021 0:00,10/7/2021,0:00:00,10/13/2021,10/13/2021,0:00:00,
2021,355,Medium,4/12/2021 0:00,4/12/2021,0:00:00,4/29/2021 0:00,4/29/2021,0:00:00,9/22/2021 0:00,9/22/2021,0:00:00,10/11/2021,10/11/2021,0:00:00,
2021,358,Long,4/14/2021 0:00,4/14/2021,0:00:00,6/3/2021 0:00,6/3/2021,0:00:00,10/3/2021 0:00,10/3/2021,0:00:00,11/29/2021,11/29/2021,0:00:00,
2021,359,Long,4/9/2021 0:00,4/9/2021,0:00:00,4/15/2021 0:00,4/15/2021,0:00:00,NA,NA,0:00:00,NA,NA,0:00:00,Died on 04/14/2021 during spring migration
2021,360,Medium,5/2/2021 0:00,5/2/2021,0:00:00,5/5/2021 0:00,5/5/2021,0:00:00,10/6/2021 0:00,10/6/2021,0:00:00,10/11/2021,10/11/2021,0:00:00,
2021,362,Medium,5/15/2021 0:00,5/15/2021,0:00:00,5/21/2021 0:00,5/21/2021,0:00:00,10/1/2021 0:00,10/1/2021,0:00:00,10/4/2021,10/4/2021,0:00:00,
2021,363,Medium,4/28/2021 0:00,4/28/2021,0:00:00,5/7/2021 0:00,5/7/2021,0:00:00,NA,NA,0:00:00,NA,NA,0:00:00,Died on 07/23/2021 while on winter/summer range
2021,371,Long,4/13/2021 0:00,4/13/2021,0:00:00,5/12/2021 0:00,5/12/2021,0:00:00,10/3/2021 0:00,10/3/2021,0:00:00,10/21/2021,10/21/2021,0:00:00,Died on 11/22/2021 while on winter/summer range
2021,401,Short,4/30/2021 0:00,4/30/2021,0:00:00,5/3/2021 0:00,5/3/2021,0:00:00,9/28/2021 0:00,9/28/2021,0:00:00,10/1/2021,10/1/2021,0:00:00,
2021,403,Short,4/21/2021 0:00,4/21/2021,0:00:00,5/2/2021 0:00,5/2/2021,0:00:00,10/6/2021 0:00,10/6/2021,0:00:00,10/8/2021,10/8/2021,0:00:00,
2021,404,Short,4/24/2021 0:00,4/24/2021,0:00:00,5/1/2021 0:00,5/1/2021,0:00:00,10/6/2021 0:00,10/6/2021,0:00:00,10/9/2021,10/9/2021,0:00:00,
2021,407,Short,4/30/2021 0:00,4/30/2021,0:00:00,5/3/2021 0:00,5/3/2021,0:00:00,10/4/2021 0:00,10/4/2021,0:00:00,10/8/2021,10/8/2021,0:00:00,
2021,408,Short,5/23/2021 0:00,5/23/2021,0:00:00,6/5/2021 0:00,6/5/2021,0:00:00,NA,NA,0:00:00,NA,NA,0:00:00,
2021,410,Short,3/11/2021 0:00,3/11/2021,0:00:00,3/14/2021 0:00,3/14/2021,0:00:00,10/9/2021 0:00,10/9/2021,0:00:00,10/13/2021,10/13/2021,0:00:00,
2021,415,Short,5/5/2021 0:00,5/5/2021,0:00:00,5/11/2021 0:00,5/11/2021,0:00:00,NA,NA,0:00:00,NA,NA,0:00:00,Died on 05/17/2021 while on winter/summer range
2021,416,Short,4/25/2021 0:00,4/25/2021,0:00:00,4/28/2021 0:00,4/28/2021,0:00:00,NA,NA,NA,NA,NA,NA,"Remained on summer range into the end of the year, do not include"
2021,418,Short,5/11/2021 0:00,5/11/2021,0:00:00,5/15/2021 0:00,5/15/2021,0:00:00,9/27/2021 0:00,9/27/2021,0:00:00,10/1/2021,10/1/2021,0:00:00,
2021,420,Short,5/13/2021 0:00,5/13/2021,0:00:00,5/21/2021 0:00,5/21/2021,0:00:00,NA,NA,0:00:00,NA,NA,0:00:00,Died on 05/25/2021 while on winter/summer range
2021,424,Short,5/17/2021 0:00,5/17/2021,0:00:00,5/25/2021 0:00,5/25/2021,0:00:00,10/2/2021 0:00,10/2/2021,0:00:00,10/7/2021,10/7/2021,0:00:00,
2021,426,Medium,5/5/2021 0:00,5/5/2021,0:00:00,5/26/2021 0:00,5/26/2021,0:00:00,9/30/2021 0:00,9/30/2021,0:00:00,10/7/2021,10/7/2021,0:00:00,
2021,431,Short,5/4/2021 0:00,5/4/2021,0:00:00,5/13/2021 0:00,5/13/2021,0:00:00,9/27/2021 0:00,9/27/2021,0:00:00,10/4/2021,10/4/2021,0:00:00,
2021,436,Short,2/1/2021 0:00,2/1/2021,0:00:00,1/31/2022 0:00,1/31/2022,0:00:00,NA,NA,0:00:00,NA,NA,0:00:00,Died on 03/04/2021 during spring migration
2021,441,Short,2/1/2021 0:00,2/1/2021,0:00:00,1/31/2022 0:00,1/31/2022,0:00:00,NA,NA,0:00:00,NA,NA,0:00:00,Died on 03/11/2021 during spring migration
2021,442,Long,3/30/2021 0:00,3/30/2021,0:00:00,6/10/2021 0:00,6/10/2021,0:00:00,10/24/2021 0:00,10/24/2021,0:00:00,11/15/2021,11/15/2021,0:00:00,
2021,444,Long,4/23/2021 0:00,4/23/2021,0:00:00,6/8/2021 0:00,6/8/2021,0:00:00,10/18/2021 0:00,10/18/2021,0:00:00,11/8/2021,11/8/2021,0:00:00,
2021,445,Medium,5/10/2021 0:00,5/10/2021,0:00:00,5/17/2021 0:00,5/17/2021,0:00:00,10/6/2021 0:00,10/6/2021,0:00:00,10/13/2021,10/13/2021,0:00:00,
2021,446,Medium,4/4/2021 0:00,4/4/2021,0:00:00,4/8/2021 0:00,4/8/2021,0:00:00,10/7/2021 0:00,10/7/2021,0:00:00,10/10/2021,10/10/2021,0:00:00,
2021,447,Long,4/14/2021 0:00,4/14/2021,0:00:00,6/10/2021 0:00,6/10/2021,0:00:00,10/10/2021 0:00,10/10/2021,0:00:00,11/17/2021,11/17/2021,0:00:00,
2021,451,Long,4/28/2021 0:00,4/28/2021,0:00:00,6/10/2021 0:00,6/10/2021,0:00:00,10/18/2021 0:00,10/18/2021,0:00:00,12/14/2021,12/14/2021,0:00:00,
2021,452,Long,4/24/2021 0:00,4/24/2021,0:00:00,6/5/2021 0:00,6/5/2021,0:00:00,10/12/2021 0:00,10/12/2021,0:00:00,12/11/2021,12/11/2021,0:00:00,
2021,454,Long,4/4/2021 0:00,4/4/2021,0:00:00,5/29/2021 0:00,5/29/2021,0:00:00,10/31/2021 0:00,10/31/2021,0:00:00,11/28/2021,11/28/2021,0:00:00,
2021,457,Medium,4/8/2021 0:00,4/8/2021,0:00:00,4/13/2021 0:00,4/13/2021,0:00:00,10/5/2021 0:00,10/5/2021,0:00:00,10/9/2021,10/9/2021,0:00:00,
2021,460,Long,5/13/2021 0:00,5/13/2021,0:00:00,6/2/2021 0:00,6/2/2021,0:00:00,10/10/2021 0:00,10/10/2021,0:00:00,10/21/2021,10/21/2021,0:00:00,
2021,461,Medium,NA,NA,0:00:00,NA,NA,0:00:00,NA,NA,0:00:00,NA,NA,0:00:00,Died on 05/04/2021 while on winter/summer range
2021,463,Long,5/4/2021 0:00,5/4/2021,0:00:00,5/30/2021 0:00,5/30/2021,0:00:00,10/19/2021 0:00,10/19/2021,0:00:00,11/5/2021,11/5/2021,0:00:00,
2021,464,Medium,4/28/2021 0:00,4/28/2021,0:00:00,5/2/2021 0:00,5/2/2021,0:00:00,10/6/2021 0:00,10/6/2021,0:00:00,10/10/2021,10/10/2021,0:00:00,
2021,465,Long,4/11/2021 0:00,4/11/2021,0:00:00,5/23/2021 0:00,5/23/2021,0:00:00,10/19/2021 0:00,10/19/2021,0:00:00,11/9/2021,11/9/2021,0:00:00,
2021,466,Long,5/8/2021 0:00,5/8/2021,0:00:00,6/5/2021 0:00,6/5/2021,0:00:00,NA,NA,0:00:00,NA,NA,0:00:00,"Vectronics collar, dropped on summer range"
2021,467,Short,4/25/2021 0:00,4/25/2021,0:00:00,5/1/2021 0:00,5/1/2021,0:00:00,10/10/2021 0:00,10/10/2021,0:00:00,10/15/2021,10/15/2021,0:00:00,
2021,468,Short,4/13/2021 0:00,4/13/2021,0:00:00,5/1/2021 0:00,5/1/2021,0:00:00,NA,NA,0:00:00,NA,NA,0:00:00,Died on 06/25/2021 while on winter/summer range
2021,470,Short,5/14/2021 0:00,5/14/2021,0:00:00,5/17/2021 0:00,5/17/2021,0:00:00,10/10/2021 0:00,10/10/2021,0:00:00,10/12/2021,10/12/2021,0:00:00,
2021,473,Medium,5/15/2021 0:00,5/15/2021,0:00:00,6/13/2021 0:00,6/13/2021,0:00:00,10/5/2021 0:00,10/5/2021,0:00:00,12/12/2021,12/12/2021,0:00:00,
2021,474,Short,NA,NA,NA,NA,NA,NA,NA,NA,NA,NA,NA,0:00:00,Died on 12/07/2021 while on winter/summer range; Resident year-round in the Red Desert; no migration data available
2021,500,Resident,4/10/2021 0:00,4/10/2021,0:00:00,4/13/2021 0:00,4/13/2021,0:00:00,NA,NA,0:00:00,NA,NA,0:00:00,Died on 04/13/2021 while on winter/summer range; Resident year-round in the Red Desert; no migration data available
2021,501,Resident,4/11/2021 0:00,4/11/2021,0:00:00,4/14/2021 0:00,4/14/2021,0:00:00,NA,NA,0:00:00,NA,NA,0:00:00,Died on 04/14/2021 while on winter/summer range; Resident year-round in the Red Desert; no migration data available
2021,503,Long,4/12/2021 0:00,4/12/2021,0:00:00,6/24/2021 0:00,6/24/2021,0:00:00,9/20/2021 0:00,9/20/2021,0:00:00,10/20/2021,10/20/2021,0:00:00,
2021,504,Resident,4/3/2021 0:00,4/3/2021,0:00:00,4/8/2021 0:00,4/8/2021,0:00:00,NA,NA,0:00:00,NA,NA,0:00:00,Died on 04/09/2021 while on winter/summer range; Resident year-round in the Red Desert; no migration data available
2021,505,Long,4/11/2021 0:00,4/11/2021,0:00:00,5/29/2021 0:00,5/29/2021,0:00:00,10/4/2021 0:00,10/4/2021,0:00:00,10/19/2021,10/19/2021,0:00:00,
2021,506,Medium,4/11/2021 0:00,4/11/2021,0:00:00,4/22/2021 0:00,4/22/2021,0:00:00,2/1/2021 0:00,2/1/2021,0:00:00,1/31/2022,1/31/2022,0:00:00,Died on 09/24/2021 during fall migration
2021,507,Long,4/11/2021 0:00,4/11/2021,0:00:00,6/14/2021 0:00,6/14/2021,0:00:00,10/11/2021 0:00,10/11/2021,0:00:00,11/22/2021,11/22/2021,0:00:00,
2021,508,Resident,5/12/2021 0:00,5/12/2021,0:00:00,5/17/2021 0:00,5/17/2021,0:00:00,NA,NA,0:00:00,NA,NA,0:00:00,Resident year-round in the Red Desert; no migration data available
2021,509,Medium,5/11/2021 0:00,5/11/2021,0:00:00,5/17/2021 0:00,5/17/2021,0:00:00,10/5/2021 0:00,10/5/2021,0:00:00,10/13/2021,10/13/2021,0:00:00,
2021,510,Long,4/3/2021 0:00,4/3/2021,0:00:00,5/14/2021 0:00,5/14/2021,0:00:00,NA,NA,0:00:00,NA,NA,0:00:00,Died on 05/13/2021 during spring migration
2021,511,Medium,4/22/2021 0:00,4/22/2021,0:00:00,4/28/2021 0:00,4/28/2021,0:00:00,9/26/2021 0:00,9/26/2021,0:00:00,10/7/2021,10/7/2021,0:00:00,
2021,512,Long,4/12/2021 0:00,4/12/2021,0:00:00,5/14/2021 0:00,5/14/2021,0:00:00,10/10/2021 0:00,10/10/2021,0:00:00,11/2/2021,11/2/2021,0:00:00,
2021,513,Long,4/4/2021 0:00,4/4/2021,0:00:00,6/2/2021 0:00,6/2/2021,0:00:00,10/18/2021 0:00,10/18/2021,0:00:00,11/15/2021,11/15/2021,0:00:00,
2021,514,Medium,4/29/2021 0:00,4/29/2021,0:00:00,5/7/2021 0:00,5/7/2021,0:00:00,10/10/2021 0:00,10/10/2021,0:00:00,10/14/2021,10/14/2021,0:00:00,
2021,515,Long,4/29/2021 0:00,4/29/2021,0:00:00,6/1/2021 0:00,6/1/2021,0:00:00,10/12/2021 0:00,10/12/2021,0:00:00,11/1/2021,11/1/2021,0:00:00,
2021,516,Medium,4/28/2021 0:00,4/28/2021,0:00:00,6/19/2021 0:00,6/19/2021,0:00:00,NA,NA,0:00:00,NA,NA,0:00:00,
2021,517,Short,4/29/2021 0:00,4/29/2021,0:00:00,5/1/2021 0:00,5/1/2021,0:00:00,NA,NA,0:00:00,NA,NA,0:00:00,Died on 05/30/2021 while on winter/summer range
2021,518,Resident,NA,NA,NA,NA,NA,NA,NA,NA,NA,NA,NA,0:00:00,Died on 05/12/2021 while on winter/summer range; Resident year-round in the Red Desert; no migration data available
2021,519,Resident,NA,NA,NA,NA,NA,NA,NA,NA,NA,NA,NA,0:00:00,Died on 03/14/2021 while on winter/summer range; Resident year-round in the Red Desert; no migration data available
2021,520,Short,4/29/2021 0:00,4/29/2021,0:00:00,5/6/2021 0:00,5/6/2021,0:00:00,10/11/2021 0:00,10/11/2021,0:00:00,10/15/2021,10/15/2021,0:00:00,
2021,521,Short,5/11/2021 0:00,5/11/2021,0:00:00,5/19/2021 0:00,5/19/2021,0:00:00,9/26/2021 0:00,9/26/2021,0:00:00,10/3/2021,10/3/2021,0:00:00,
2021,522,Short,5/14/2021 0:00,5/14/2021,0:00:00,5/17/2021 0:00,5/17/2021,0:00:00,NA,NA,NA,NA,NA,NA,Died on 08/19/2021 while on winter/summer range
2021,523,Resident,NA,NA,NA,NA,NA,NA,NA,NA,NA,NA,NA,NA,Died on 05/04/2021 while on winter/summer range; Resident year-round in the Red Desert; no migration data available
2021,524,Short,5/14/2021 0:00,5/14/2021,0:00:00,5/17/2021 0:00,5/17/2021,0:00:00,10/3/2021 0:00,10/3/2021,0:00:00,10/7/2021,10/7/2021,0:00:00,
2021,525,Short,4/30/2021 0:00,4/30/2021,0:00:00,5/7/2021 0:00,5/7/2021,0:00:00,NA,NA,NA,NA,NA,NA,"Really strange fall migration, do not include - she returned to her summer range"
2021,526,Short,4/29/2021 0:00,4/29/2021,0:00:00,5/7/2021 0:00,5/7/2021,0:00:00,NA,NA,NA,NA,NA,NA,Died on 11/08/2021 while on winter/summer range
2021,527,Short,5/10/2021 0:00,5/10/2021,0:00:00,7/4/2021 0:00,7/4/2021,0:00:00,10/9/2021 0:00,10/9/2021,0:00:00,10/19/2021,10/19/2021,0:00:00,
2021,528,Short,4/21/2021 0:00,4/21/2021,0:00:00,4/30/2021 0:00,4/30/2021,0:00:00,10/7/2021 0:00,10/7/2021,0:00:00,10/13/2021,10/13/2021,0:00:00,
2021,529,Short,4/29/2021 0:00,4/29/2021,0:00:00,5/4/2021 0:00,5/4/2021,0:00:00,10/13/2021 0:00,10/13/2021,0:00:00,10/23/2021,10/23/2021,0:00:00,
2021,530,Short,4/29/2021 0:00,4/29/2021,0:00:00,5/3/2021 0:00,5/3/2021,0:00:00,10/1/2021 0:00,10/1/2021,0:00:00,10/6/2021,10/6/2021,0:00:00,
2021,531,Long,5/13/2021 0:00,5/13/2021,0:00:00,5/29/2021 0:00,5/29/2021,0:00:00,10/8/2021 0:00,10/8/2021,0:00:00,10/19/2021,10/19/2021,0:00:00,
2021,532,Medium,5/11/2021 0:00,5/11/2021,0:00:00,5/21/2021 0:00,5/21/2021,0:00:00,10/4/2021 0:00,10/4/2021,0:00:00,10/12/2021,10/12/2021,0:00:00,Died on 12/22/2021 while on winter/summer range
2021,533,Medium,5/11/2021 0:00,5/11/2021,0:00:00,5/21/2021 0:00,5/21/2021,0:00:00,10/4/2021 0:00,10/4/2021,0:00:00,10/12/2021,10/12/2021,0:00:00,Died on 11/12/2021 while on winter/summer range
2021,534,Medium,5/11/2021 0:00,5/11/2021,0:00:00,5/20/2021 0:00,5/20/2021,0:00:00,10/3/2021 0:00,10/3/2021,0:00:00,10/12/2021,10/12/2021,0:00:00,
2021,535,Medium,5/29/2021 0:00,5/29/2021,0:00:00,7/3/2021 0:00,7/3/2021,0:00:00,9/25/2021 0:00,9/25/2021,0:00:00,10/1/2021,10/1/2021,0:00:00,
2021,536,Medium,5/29/2021 0:00,5/29/2021,0:00:00,6/4/2021 0:00,6/4/2021,0:00:00,9/25/2021 0:00,9/25/2021,0:00:00,10/2/2021,10/2/2021,0:00:00,
2021,537,Medium,5/20/2021 0:00,5/20/2021,0:00:00,5/30/2021 0:00,5/30/2021,0:00:00,10/5/2021 0:00,10/5/2021,0:00:00,10/11/2021,10/11/2021,0:00:00,
2021,538,Medium,5/10/2021 0:00,5/10/2021,0:00:00,5/16/2021 0:00,5/16/2021,0:00:00,10/15/2021 0:00,10/15/2021,0:00:00,10/24/2021,10/24/2021,0:00:00,Died on 10/28/2021 while on winter/summer range
2021,539,Long,5/7/2021 0:00,5/7/2021,0:00:00,6/3/2021 0:00,6/3/2021,0:00:00,NA,NA,0:00:00,NA,NA,0:00:00,Died on 06/20/2021 while on winter/summer range
2021,540,Long,5/11/2021 0:00,5/11/2021,0:00:00,6/12/2021 0:00,6/12/2021,0:00:00,10/25/2021 0:00,10/25/2021,0:00:00,11/8/2021,11/8/2021,0:00:00, while on winter/summer range
2021,541,Long,4/30/2021 0:00,4/30/2021,0:00:00,6/1/2021 0:00,6/1/2021,0:00:00,10/29/2021 0:00,10/29/2021,0:00:00,11/5/2021,11/5/2021,0:00:00,
2021,542,Medium,4/29/2021 0:00,4/29/2021,0:00:00,5/11/2021 0:00,5/11/2021,0:00:00,10/10/2021 0:00,10/10/2021,0:00:00,10/16/2021,10/16/2021,0:00:00,
2021,543,Long,5/3/2021 0:00,5/3/2021,0:00:00,5/28/2021 0:00,5/28/2021,0:00:00,10/15/2021 0:00,10/15/2021,0:00:00,11/2/2021,11/2/2021,0:00:00,
2021,544,Resident,NA,NA,NA,NA,NA,NA,NA,NA,NA,NA,NA,NA,Resident year-round in the Red Desert; no migration data available
2021,545,Short,6/18/2021 0:00,6/18/2021,0:00:00,6/21/2021 0:00,6/21/2021,0:00:00,NA,NA,0:00:00,NA,NA,0:00:00,
2021,546,Resident,NA,NA,NA,NA,NA,NA,NA,NA,NA,NA,NA,NA,Resident year-round in the Red Desert; no migration data available
2021,547,Long,4/8/2021 0:00,4/8/2021,0:00:00,5/18/2021 0:00,5/18/2021,0:00:00,10/11/2021 0:00,10/11/2021,0:00:00,10/24/2021,10/24/2021,0:00:00,
2021,548,Long,4/2/2021 0:00,4/2/2021,0:00:00,5/22/2021 0:00,5/22/2021,0:00:00,10/4/2021 0:00,10/4/2021,0:00:00,11/1/2021,11/1/2021,0:00:00,Died on 12/01/2021 while on winter/summer range
